ts_code,trade_date,pre_close,open,high,low,close,change,pct_chg,vol,amount,adj_factor,open_qfq,high_qfq,low_qfq,close_qfq,pre_close_qfq
588000.SH,20230103,1.003,1.001,1.024,0.998,1.023,0.02,1.994,17785093.19,1800903.958,1.0,1.001,1.024,0.998,1.023,1.003
588000.SH,20230104,1.023,1.023,1.026,1.008,1.016,-0.007,-0.6843,19694224.28,1998272.678,1.0,1.023,1.026,1.008,1.016,1.023
588000.SH,20230105,1.016,1.017,1.027,1.011,1.026,0.01,0.9843,17317215.56,1768569.523,1.0,1.017,1.027,1.011,1.026,1.016
588000.SH,20230106,1.026,1.025,1.045,1.024,1.032,0.006,0.5848,24323999.39,2518699.708,1.0,1.025,1.045,1.024,1.032,1.026
588000.SH,20230109,1.032,1.035,1.041,1.027,1.032,0.0,0.0,16239528.8,1679793.82,1.0,1.035,1.041,1.027,1.032,1.032
588000.SH,20230110,1.032,1.03,1.039,1.026,1.032,0.0,0.0,11003427.59,1137159.849,1.0,1.03,1.039,1.026,1.032,1.032
588000.SH,20230111,1.032,1.031,1.034,1.014,1.014,-0.018,-1.7442,15859595.81,1622883.418,1.0,1.031,1.034,1.014,1.014,1.032
588000.SH,20230112,1.014,1.015,1.02,1.011,1.016,0.002,0.1972,10192448.96,1035165.727,1.0,1.015,1.02,1.011,1.016,1.014
588000.SH,20230113,1.016,1.017,1.018,1.008,1.017,0.001,0.0984,14513989.46,1470681.137,1.0,1.017,1.018,1.008,1.017,1.016
588000.SH,20230116,1.017,1.017,1.043,1.015,1.035,0.018,1.7699,26621075.01,2753535.088,1.0,1.017,1.043,1.015,1.035,1.017
588000.SH,20230117,1.035,1.035,1.05,1.034,1.045,0.01,0.9662,19742951.01,2063471.725,1.0,1.035,1.05,1.034,1.045,1.035
588000.SH,20230118,1.045,1.047,1.052,1.045,1.05,0.005,0.4785,12812959.96,1344325.529,1.0,1.047,1.052,1.045,1.05,1.045
588000.SH,20230119,1.05,1.047,1.068,1.045,1.068,0.018,1.7143,16853102.72,1784542.708,1.0,1.047,1.068,1.045,1.068,1.05
588000.SH,20230120,1.068,1.07,1.078,1.066,1.073,0.005,0.4682,16421995.94,1759824.36,1.0,1.07,1.078,1.066,1.073,1.068
588000.SH,20230130,1.073,1.091,1.093,1.074,1.074,0.001,0.0932,22279389.24,2411461.071,1.0,1.091,1.093,1.074,1.074,1.073
588000.SH,20230131,1.074,1.07,1.073,1.056,1.058,-0.016,-1.4898,16957740.81,1803302.025,1.0,1.07,1.073,1.056,1.058,1.074
588000.SH,20230201,1.058,1.058,1.071,1.052,1.071,0.013,1.2287,18451332.0,1961318.868,1.0,1.058,1.071,1.052,1.071,1.058
588000.SH,20230202,1.071,1.074,1.085,1.071,1.075,0.004,0.3735,20885419.56,2251406.473,1.0,1.074,1.085,1.071,1.075,1.071
588000.SH,20230203,1.075,1.071,1.079,1.06,1.078,0.003,0.2791,19976253.4,2136299.251,1.0,1.071,1.079,1.06,1.078,1.075
588000.SH,20230206,1.078,1.071,1.083,1.063,1.068,-0.01,-0.9276,16677315.13,1785210.577,1.0,1.071,1.083,1.063,1.068,1.078
588000.SH,20230207,1.068,1.067,1.071,1.058,1.063,-0.005,-0.4682,14391346.26,1529356.56,1.0,1.067,1.071,1.058,1.063,1.068
588000.SH,20230208,1.063,1.064,1.069,1.053,1.054,-0.009,-0.8467,12107038.74,1282709.653,1.0,1.064,1.069,1.053,1.054,1.063
588000.SH,20230209,1.054,1.051,1.082,1.048,1.082,0.028,2.6565,24068468.77,2569853.826,1.0,1.051,1.082,1.048,1.082,1.054
588000.SH,20230210,1.082,1.08,1.082,1.062,1.068,-0.014,-1.2939,21112831.6,2262142.058,1.0,1.08,1.082,1.062,1.068,1.082
588000.SH,20230213,1.068,1.062,1.075,1.062,1.069,0.001,0.0936,13541774.31,1447070.256,1.0,1.062,1.075,1.062,1.069,1.068
588000.SH,20230214,1.069,1.071,1.076,1.06,1.065,-0.004,-0.3742,12509814.19,1334142.428,1.0,1.071,1.076,1.06,1.065,1.069
588000.SH,20230215,1.065,1.065,1.07,1.06,1.067,0.002,0.1878,14358764.92,1529610.762,1.0,1.065,1.07,1.06,1.067,1.065
588000.SH,20230216,1.067,1.066,1.073,1.04,1.049,-0.018,-1.687,26293118.06,2786075.058,1.0,1.066,1.073,1.04,1.049,1.067
588000.SH,20230217,1.049,1.046,1.049,1.027,1.029,-0.02,-1.9066,23213013.51,2409925.789,1.0,1.046,1.049,1.027,1.029,1.049
588000.SH,20230220,1.029,1.027,1.042,1.022,1.042,0.013,1.2634,18565533.87,1916913.972,1.0,1.027,1.042,1.022,1.042,1.029
588000.SH,20230221,1.042,1.04,1.045,1.032,1.038,-0.004,-0.3839,13039765.3,1354470.355,1.0,1.04,1.045,1.032,1.038,1.042
588000.SH,20230222,1.038,1.033,1.036,1.03,1.032,-0.006,-0.578,11492338.3,1186191.161,1.0,1.033,1.036,1.03,1.032,1.038
588000.SH,20230223,1.032,1.032,1.041,1.031,1.035,0.003,0.2907,10365394.04,1073366.008,1.0,1.032,1.041,1.031,1.035,1.032
588000.SH,20230224,1.035,1.037,1.042,1.031,1.033,-0.002,-0.1932,10411903.1,1078317.906,1.0,1.037,1.042,1.031,1.033,1.035
588000.SH,20230227,1.033,1.029,1.038,1.027,1.028,-0.005,-0.484,11842126.93,1220957.221,1.0,1.029,1.038,1.027,1.028,1.033
588000.SH,20230228,1.028,1.033,1.037,1.023,1.033,0.005,0.4864,12156394.21,1252309.809,1.0,1.033,1.037,1.023,1.033,1.028
588000.SH,20230301,1.033,1.033,1.041,1.027,1.038,0.005,0.484,17389960.35,1799488.22,1.0,1.033,1.041,1.027,1.038,1.033
588000.SH,20230302,1.038,1.038,1.04,1.031,1.032,-0.006,-0.578,12307512.81,1273676.827,1.0,1.038,1.04,1.031,1.032,1.038
588000.SH,20230303,1.032,1.037,1.044,1.033,1.043,0.011,1.0659,18735251.3,1949623.573,1.0,1.037,1.044,1.033,1.043,1.032
588000.SH,20230306,1.043,1.043,1.055,1.035,1.053,0.01,0.9588,19876391.05,2078829.711,1.0,1.043,1.055,1.035,1.053,1.043
588000.SH,20230307,1.053,1.05,1.053,1.033,1.034,-0.019,-1.8044,19066300.29,1989998.583,1.0,1.05,1.053,1.033,1.034,1.053
588000.SH,20230308,1.034,1.03,1.04,1.029,1.038,0.004,0.3868,12927400.36,1337999.528,1.0,1.03,1.04,1.029,1.038,1.034
588000.SH,20230309,1.038,1.038,1.045,1.036,1.041,0.003,0.289,13482128.88,1404507.086,1.0,1.038,1.045,1.036,1.041,1.038
588000.SH,20230310,1.041,1.035,1.046,1.03,1.037,-0.004,-0.3842,16527155.31,1715364.965,1.0,1.035,1.046,1.03,1.037,1.041
588000.SH,20230313,1.037,1.034,1.041,1.031,1.04,0.003,0.2893,13320113.16,1379745.664,1.0,1.034,1.041,1.031,1.04,1.037
588000.SH,20230314,1.04,1.039,1.057,1.029,1.055,0.015,1.4423,25928669.85,2705562.167,1.0,1.039,1.057,1.029,1.055,1.04
588000.SH,20230315,1.055,1.056,1.067,1.048,1.048,-0.007,-0.6635,21548217.91,2277422.783,1.0,1.056,1.067,1.048,1.048,1.055
588000.SH,20230316,1.048,1.043,1.052,1.031,1.032,-0.016,-1.5267,21737583.52,2261291.459,1.0,1.043,1.052,1.031,1.032,1.048
588000.SH,20230317,1.032,1.04,1.062,1.036,1.056,0.024,2.3256,33646411.08,3534769.265,1.0,1.04,1.062,1.036,1.056,1.032
588000.SH,20230320,1.056,1.057,1.075,1.053,1.068,0.012,1.1364,28002171.37,2987833.04,1.0,1.057,1.075,1.053,1.068,1.056
588000.SH,20230321,1.068,1.068,1.07,1.061,1.07,0.002,0.1873,15353826.8,1636111.183,1.0,1.068,1.07,1.061,1.07,1.068
588000.SH,20230322,1.07,1.073,1.08,1.069,1.074,0.004,0.3738,18497416.17,1986603.362,1.0,1.073,1.08,1.069,1.074,1.07
588000.SH,20230323,1.074,1.071,1.1,1.07,1.099,0.025,2.3277,35746539.75,3895810.573,1.0,1.071,1.1,1.07,1.099,1.074
588000.SH,20230324,1.099,1.1,1.105,1.091,1.104,0.005,0.455,23857020.31,2623234.063,1.0,1.1,1.105,1.091,1.104,1.099
588000.SH,20230327,1.104,1.102,1.112,1.085,1.098,-0.006,-0.5435,26283475.99,2890393.912,1.0,1.102,1.112,1.085,1.098,1.104
588000.SH,20230328,1.098,1.098,1.108,1.077,1.08,-0.018,-1.6393,22338527.37,2435411.059,1.0,1.098,1.108,1.077,1.08,1.098
588000.SH,20230329,1.08,1.082,1.118,1.077,1.103,0.023,2.1296,31179622.46,3427689.155,1.0,1.082,1.118,1.077,1.103,1.08
588000.SH,20230330,1.103,1.105,1.111,1.094,1.108,0.005,0.4533,20248840.25,2234638.035,1.0,1.105,1.111,1.094,1.108,1.103
588000.SH,20230331,1.108,1.108,1.125,1.102,1.124,0.016,1.444,21090443.03,2351599.181,1.0,1.108,1.125,1.102,1.124,1.108
588000.SH,20230403,1.124,1.13,1.17,1.13,1.169,0.045,4.0036,35011436.48,4031419.739,1.0,1.13,1.17,1.13,1.169,1.124
588000.SH,20230404,1.169,1.169,1.192,1.157,1.172,0.003,0.2566,36873663.35,4334887.04,1.0,1.169,1.192,1.157,1.172,1.169
588000.SH,20230406,1.172,1.164,1.21,1.164,1.193,0.021,1.7918,34658956.48,4139264.426,1.0,1.164,1.21,1.164,1.193,1.172
588000.SH,20230407,1.193,1.194,1.207,1.185,1.207,0.014,1.1735,22303071.32,2672958.7,1.0,1.194,1.207,1.185,1.207,1.193
588000.SH,20230410,1.207,1.208,1.216,1.169,1.172,-0.035,-2.8998,28371733.02,3376626.67,1.0,1.208,1.216,1.169,1.172,1.207
588000.SH,20230411,1.172,1.17,1.182,1.152,1.165,-0.007,-0.5973,27444199.71,3199949.031,1.0,1.17,1.182,1.152,1.165,1.172
588000.SH,20230412,1.165,1.163,1.183,1.158,1.173,0.008,0.6867,19271979.41,2257955.865,1.0,1.163,1.183,1.158,1.173,1.165
588000.SH,20230413,1.173,1.168,1.169,1.141,1.143,-0.03,-2.5575,23857240.5,2753868.064,1.0,1.168,1.169,1.141,1.143,1.173
588000.SH,20230414,1.143,1.149,1.182,1.139,1.182,0.039,3.4121,27554767.83,3200615.947,1.0,1.149,1.182,1.139,1.182,1.143
588000.SH,20230417,1.182,1.176,1.196,1.175,1.186,0.004,0.3384,20577915.42,2438765.409,1.0,1.176,1.196,1.175,1.186,1.182
588000.SH,20230418,1.186,1.178,1.182,1.158,1.172,-0.014,-1.1804,20255546.87,2370355.498,1.0,1.178,1.182,1.158,1.172,1.186
588000.SH,20230419,1.172,1.17,1.196,1.17,1.178,0.006,0.5119,20502392.29,2424280.108,1.0,1.17,1.196,1.17,1.178,1.172
588000.SH,20230420,1.178,1.177,1.212,1.176,1.211,0.033,2.8014,27455062.0,3290892.16,1.0,1.177,1.212,1.176,1.211,1.178
588000.SH,20230421,1.211,1.211,1.214,1.16,1.164,-0.047,-3.8811,26772943.73,3163948.266,1.0,1.211,1.214,1.16,1.164,1.211
588000.SH,20230424,1.164,1.156,1.162,1.133,1.142,-0.022,-1.89,25003649.56,2859587.484,1.0,1.156,1.162,1.133,1.142,1.164
588000.SH,20230425,1.142,1.141,1.146,1.112,1.12,-0.022,-1.9264,28347083.75,3198152.122,1.0,1.141,1.146,1.112,1.12,1.142
588000.SH,20230426,1.12,1.115,1.13,1.106,1.116,-0.004,-0.3571,21476983.92,2403247.1,1.0,1.115,1.13,1.106,1.116,1.12
588000.SH,20230427,1.116,1.11,1.125,1.104,1.112,-0.004,-0.3584,21838179.98,2430560.471,1.0,1.11,1.125,1.104,1.112,1.116
588000.SH,20230428,1.112,1.107,1.134,1.107,1.133,0.021,1.8885,27990262.55,3140327.441,1.0,1.107,1.134,1.107,1.133,1.112
588000.SH,20230504,1.133,1.125,1.129,1.105,1.109,-0.024,-2.1183,29035757.11,3229865.082,1.0,1.125,1.129,1.105,1.109,1.133
588000.SH,20230505,1.109,1.107,1.112,1.09,1.093,-0.016,-1.4427,28666289.78,3151183.335,1.0,1.107,1.112,1.09,1.093,1.109
588000.SH,20230508,1.093,1.096,1.107,1.088,1.102,0.009,0.8234,22959834.53,2520303.429,1.0,1.096,1.107,1.088,1.102,1.093
588000.SH,20230509,1.102,1.102,1.107,1.077,1.078,-0.024,-2.1779,31894552.22,3483418.606,1.0,1.102,1.107,1.077,1.078,1.102
588000.SH,20230510,1.078,1.073,1.082,1.061,1.069,-0.009,-0.8349,30415687.52,3253079.531,1.0,1.073,1.082,1.061,1.069,1.078
588000.SH,20230511,1.069,1.077,1.083,1.068,1.07,0.001,0.0935,21064910.61,2263271.957,1.0,1.077,1.083,1.068,1.07,1.069
588000.SH,20230512,1.07,1.072,1.079,1.056,1.056,-0.014,-1.3084,25371915.8,2705987.591,1.0,1.072,1.079,1.056,1.056,1.07
588000.SH,20230515,1.056,1.054,1.068,1.048,1.067,0.011,1.0417,23061431.39,2441080.929,1.0,1.054,1.068,1.048,1.067,1.056
588000.SH,20230516,1.067,1.07,1.076,1.065,1.068,0.001,0.0937,19339172.58,2069282.988,1.0,1.07,1.076,1.065,1.068,1.067
588000.SH,20230517,1.068,1.066,1.077,1.065,1.072,0.004,0.3745,17899814.24,1917678.572,1.0,1.066,1.077,1.065,1.072,1.068
588000.SH,20230518,1.072,1.073,1.081,1.07,1.078,0.006,0.5597,18402104.25,1980781.28,1.0,1.073,1.081,1.07,1.078,1.072
588000.SH,20230519,1.078,1.081,1.092,1.08,1.084,0.006,0.5566,20611235.18,2238073.989,1.0,1.081,1.092,1.08,1.084,1.078
588000.SH,20230522,1.084,1.084,1.09,1.071,1.075,-0.009,-0.8303,17455373.42,1881292.484,1.0,1.084,1.09,1.071,1.075,1.084
588000.SH,20230523,1.075,1.071,1.073,1.059,1.06,-0.015,-1.3953,18462249.76,1966707.52,1.0,1.071,1.073,1.059,1.06,1.075
588000.SH,20230524,1.06,1.055,1.067,1.05,1.055,-0.005,-0.4717,25335241.74,2675987.968,1.0,1.055,1.067,1.05,1.055,1.06
588000.SH,20230525,1.055,1.055,1.065,1.05,1.065,0.01,0.9479,24343832.09,2574909.602,1.0,1.055,1.065,1.05,1.065,1.055
588000.SH,20230526,1.065,1.068,1.083,1.065,1.082,0.017,1.5962,30085079.74,3232666.578,1.0,1.068,1.083,1.065,1.082,1.065
588000.SH,20230529,1.082,1.086,1.091,1.071,1.072,-0.01,-0.9242,23702244.07,2555016.937,1.0,1.086,1.091,1.071,1.072,1.082
588000.SH,20230530,1.072,1.07,1.091,1.066,1.09,0.018,1.6791,25206984.7,2719781.977,1.0,1.07,1.091,1.066,1.09,1.072
588000.SH,20230531,1.09,1.087,1.098,1.083,1.097,0.007,0.6422,25616152.65,2795880.231,1.0,1.087,1.098,1.083,1.097,1.09
588000.SH,20230601,1.097,1.093,1.113,1.09,1.1,0.003,0.2735,28362247.89,3128231.095,1.0,1.093,1.113,1.09,1.1,1.097
588000.SH,20230602,1.1,1.102,1.105,1.094,1.1,0.0,0.0,16590601.97,1823492.913,1.0,1.102,1.105,1.094,1.1,1.1
588000.SH,20230605,1.1,1.105,1.112,1.095,1.096,-0.004,-0.3636,20700975.96,2283587.636,1.0,1.105,1.112,1.095,1.096,1.1
588000.SH,20230606,1.096,1.093,1.094,1.066,1.067,-0.029,-2.646,28918882.12,3127487.667,1.0,1.093,1.094,1.066,1.067,1.096
588000.SH,20230607,1.067,1.068,1.072,1.061,1.065,-0.002,-0.1874,19466409.11,2074561.914,1.0,1.068,1.072,1.061,1.065,1.067
588000.SH,20230608,1.065,1.063,1.063,1.048,1.053,-0.012,-1.1268,28525550.04,3006972.486,1.0,1.063,1.063,1.048,1.053,1.065
588000.SH,20230609,1.053,1.053,1.078,1.049,1.077,0.024,2.2792,24906300.81,2641923.215,1.0,1.053,1.078,1.049,1.077,1.053
588000.SH,20230612,1.077,1.076,1.076,1.066,1.071,-0.006,-0.5571,18036093.33,1931853.43,1.0,1.076,1.076,1.066,1.071,1.077
588000.SH,20230613,1.071,1.07,1.088,1.065,1.084,0.013,1.2138,26460333.2,2853036.019,1.0,1.07,1.088,1.065,1.084,1.071
588000.SH,20230614,1.084,1.083,1.084,1.074,1.08,-0.004,-0.369,20889173.05,2255930.886,1.0,1.083,1.084,1.074,1.08,1.084
588000.SH,20230615,1.08,1.079,1.082,1.074,1.08,0.0,0.0,21433446.88,2311304.615,1.0,1.079,1.082,1.074,1.08,1.08
588000.SH,20230616,1.08,1.082,1.101,1.078,1.098,0.018,1.6667,30557971.75,3333119.866,1.0,1.082,1.101,1.078,1.098,1.08
588000.SH,20230619,1.098,1.098,1.106,1.09,1.1,0.002,0.1821,22450693.29,2469423.858,1.0,1.098,1.106,1.09,1.1,1.098
588000.SH,20230620,1.1,1.098,1.104,1.09,1.101,0.001,0.0909,26289317.83,2883260.649,1.0,1.098,1.104,1.09,1.101,1.1
588000.SH,20230621,1.101,1.096,1.096,1.063,1.066,-0.035,-3.1789,31180311.63,3363052.707,1.0,1.096,1.096,1.063,1.066,1.101
588000.SH,20230626,1.066,1.059,1.076,1.052,1.057,-0.009,-0.8443,31343243.34,3322483.185,1.0,1.059,1.076,1.052,1.057,1.066
588000.SH,20230627,1.057,1.057,1.065,1.052,1.06,0.003,0.2838,22414315.73,2370683.278,1.0,1.057,1.065,1.052,1.06,1.057
588000.SH,20230628,1.06,1.059,1.065,1.041,1.055,-0.005,-0.4717,28018387.93,2948716.166,1.0,1.059,1.065,1.041,1.055,1.06
588000.SH,20230629,1.055,1.052,1.058,1.047,1.047,-0.008,-0.7583,18460040.27,1939842.924,1.0,1.052,1.058,1.047,1.047,1.055
588000.SH,20230630,1.047,1.045,1.054,1.043,1.052,0.005,0.4776,26535458.56,2784811.626,1.0,1.045,1.054,1.043,1.052,1.047
588000.SH,20230703,1.052,1.053,1.058,1.045,1.055,0.003,0.2852,26356505.54,2771375.807,1.0,1.053,1.058,1.045,1.055,1.052
588000.SH,20230704,1.055,1.053,1.067,1.05,1.061,0.006,0.5687,24139389.64,2556731.488,1.0,1.053,1.067,1.05,1.061,1.055
588000.SH,20230705,1.061,1.06,1.063,1.05,1.051,-0.01,-0.9425,19785286.51,2088867.174,1.0,1.06,1.063,1.05,1.051,1.061
588000.SH,20230706,1.051,1.048,1.058,1.046,1.048,-0.003,-0.2854,16171893.89,1699804.326,1.0,1.048,1.058,1.046,1.048,1.051
588000.SH,20230707,1.048,1.045,1.047,1.034,1.037,-0.011,-1.0496,25562707.66,2657968.341,1.0,1.045,1.047,1.034,1.037,1.048
588000.SH,20230710,1.037,1.039,1.045,1.035,1.039,0.002,0.1929,15461012.92,1607547.267,1.0,1.039,1.045,1.035,1.039,1.037
588000.SH,20230711,1.039,1.042,1.047,1.039,1.046,0.007,0.6737,17173751.59,1792841.986,1.0,1.042,1.047,1.039,1.046,1.039
588000.SH,20230712,1.046,1.046,1.046,1.028,1.03,-0.016,-1.5296,25443353.37,2637076.118,1.0,1.046,1.046,1.028,1.03,1.046
588000.SH,20230713,1.03,1.034,1.042,1.033,1.039,0.009,0.8738,22669342.61,2351812.587,1.0,1.034,1.042,1.033,1.039,1.03
588000.SH,20230714,1.039,1.044,1.046,1.035,1.036,-0.003,-0.2887,16778392.8,1745615.658,1.0,1.044,1.046,1.035,1.036,1.039
588000.SH,20230717,1.036,1.034,1.035,1.026,1.028,-0.008,-0.7722,19553161.8,2012717.877,1.0,1.034,1.035,1.026,1.028,1.036
588000.SH,20230718,1.028,1.029,1.032,1.025,1.025,-0.003,-0.2918,16147679.66,1659008.047,1.0,1.029,1.032,1.025,1.025,1.028
588000.SH,20230719,1.025,1.028,1.032,1.017,1.019,-0.006,-0.5854,21795487.32,2228595.857,1.0,1.028,1.032,1.017,1.019,1.025
588000.SH,20230720,1.019,1.021,1.023,1.004,1.007,-0.012,-1.1776,26251109.08,2657111.375,1.0,1.021,1.023,1.004,1.007,1.019
588000.SH,20230721,1.007,1.005,1.008,0.998,1.0,-0.007,-0.6951,25469635.01,2552093.252,1.0,1.005,1.008,0.998,1.0,1.007
588000.SH,20230724,1.0,1.0,1.005,0.993,0.995,-0.005,-0.5,19698809.32,1966045.104,1.0,1.0,1.005,0.993,0.995,1.0
588000.SH,20230725,0.995,1.004,1.01,1.001,1.009,0.014,1.407,25386482.41,2553417.707,1.0,1.004,1.01,1.001,1.009,0.995
588000.SH,20230726,1.009,1.009,1.012,1.003,1.006,-0.003,-0.2973,20280113.57,2042063.574,1.0,1.009,1.012,1.003,1.006,1.009
588000.SH,20230727,1.006,1.006,1.008,0.995,0.997,-0.009,-0.8946,24069460.46,2408537.616,1.0,1.006,1.008,0.995,0.997,1.006
588000.SH,20230728,0.997,0.994,1.007,0.991,1.007,0.01,1.003,31330556.5,3136731.44,1.0,0.994,1.007,0.991,1.007,0.997
588000.SH,20230731,1.007,1.01,1.019,1.007,1.015,0.008,0.7944,39136271.29,3965351.76,1.0,1.01,1.019,1.007,1.015,1.007
588000.SH,20230801,1.015,1.016,1.016,1.01,1.014,-0.001,-0.0985,19128701.74,1937326.839,1.0,1.016,1.016,1.01,1.014,1.015
588000.SH,20230802,1.014,1.013,1.018,1.01,1.012,-0.002,-0.1972,19148307.33,1940864.043,1.0,1.013,1.018,1.01,1.012,1.014
588000.SH,20230803,1.012,1.009,1.016,1.007,1.015,0.003,0.2964,17410296.52,1763532.834,1.0,1.009,1.016,1.007,1.015,1.012
588000.SH,20230804,1.015,1.019,1.022,1.013,1.021,0.006,0.5911,31918539.82,3251254.415,1.0,1.019,1.022,1.013,1.021,1.015
588000.SH,20230807,1.021,1.019,1.021,1.011,1.014,-0.007,-0.6856,25112126.4,2550615.474,1.0,1.019,1.021,1.011,1.014,1.021
588000.SH,20230808,1.014,1.012,1.015,1.009,1.01,-0.004,-0.3945,18754656.54,1897166.027,1.0,1.012,1.015,1.009,1.01,1.014
588000.SH,20230809,1.01,1.008,1.01,1.001,1.001,-0.009,-0.8911,18183707.84,1826485.271,1.0,1.008,1.01,1.001,1.001,1.01
588000.SH,20230810,1.001,1.0,1.006,0.999,1.003,0.002,0.1998,14504001.26,1453204.062,1.0,1.0,1.006,0.999,1.003,1.001
588000.SH,20230811,1.003,1.004,1.005,0.982,0.983,-0.02,-1.994,33112949.39,3286503.167,1.0,1.004,1.005,0.982,0.983,1.003
588000.SH,20230814,0.983,0.977,0.977,0.963,0.974,-0.009,-0.9156,26358437.69,2559545.6,1.0,0.977,0.977,0.963,0.974,0.983
588000.SH,20230815,0.974,0.974,0.977,0.954,0.96,-0.014,-1.4374,28111697.54,2709024.124,1.0,0.974,0.977,0.954,0.96,0.974
588000.SH,20230816,0.96,0.958,0.964,0.943,0.944,-0.016,-1.6667,29574284.08,2819978.778,1.0,0.958,0.964,0.943,0.944,0.96
588000.SH,20230817,0.944,0.94,0.957,0.938,0.954,0.01,1.0593,33551508.01,3185249.915,1.0,0.94,0.957,0.938,0.954,0.944
588000.SH,20230818,0.954,0.969,0.973,0.948,0.95,-0.004,-0.4193,45257424.27,4339034.125,1.0,0.969,0.973,0.948,0.95,0.954
588000.SH,20230821,0.95,0.942,0.951,0.934,0.936,-0.014,-1.4737,37623760.43,3548250.266,1.0,0.942,0.951,0.934,0.936,0.95
588000.SH,20230822,0.936,0.94,0.947,0.918,0.946,0.01,1.0684,46103914.75,4305732.216,1.0,0.94,0.947,0.918,0.946,0.936
588000.SH,20230823,0.946,0.94,0.942,0.921,0.922,-0.024,-2.537,36469790.44,3392269.249,1.0,0.94,0.942,0.921,0.922,0.946
588000.SH,20230824,0.922,0.926,0.937,0.921,0.929,0.007,0.7592,33795465.07,3142323.207,1.0,0.926,0.937,0.921,0.929,0.922
588000.SH,20230825,0.929,0.923,0.923,0.906,0.912,-0.017,-1.8299,39963239.82,3655389.606,1.0,0.923,0.923,0.906,0.912,0.929
588000.SH,20230828,0.912,0.976,0.976,0.92,0.922,0.01,1.0965,72114688.38,6804458.765,1.0,0.976,0.976,0.92,0.922,0.912
588000.SH,20230829,0.922,0.921,0.97,0.92,0.97,0.048,5.2061,86594353.0,8224220.333,1.0,0.921,0.97,0.92,0.97,0.922
588000.SH,20230830,0.97,0.977,0.994,0.971,0.988,0.018,1.8557,87728975.23,8639719.109,1.0,0.977,0.994,0.971,0.988,0.97
588000.SH,20230831,0.988,0.98,0.993,0.976,0.987,-0.001,-0.1012,51346813.73,5057009.532,1.0,0.98,0.993,0.976,0.987,0.988
588000.SH,20230901,0.987,0.987,0.989,0.97,0.98,-0.007,-0.7092,47058751.92,4602492.988,1.0,0.987,0.989,0.97,0.98,0.987
588000.SH,20230904,0.98,0.98,0.989,0.971,0.989,0.009,0.9184,51077320.24,4995479.966,1.0,0.98,0.989,0.971,0.989,0.98
588000.SH,20230905,0.989,0.986,0.993,0.973,0.975,-0.014,-1.4156,42266680.59,4153002.56,1.0,0.986,0.993,0.973,0.975,0.989
588000.SH,20230906,0.975,0.971,0.981,0.965,0.979,0.004,0.4103,36941618.26,3592968.098,1.0,0.971,0.981,0.965,0.979,0.975
588000.SH,20230907,0.979,0.973,0.974,0.941,0.942,-0.037,-3.7794,59835358.33,5713409.012,1.0,0.973,0.974,0.941,0.942,0.979
588000.SH,20230908,0.942,0.937,0.949,0.936,0.944,0.002,0.2123,30368082.54,2864638.612,1.0,0.937,0.949,0.936,0.944,0.942
588000.SH,20230911,0.944,0.945,0.96,0.938,0.951,0.007,0.7415,35131829.9,3336965.379,1.0,0.945,0.96,0.938,0.951,0.944
588000.SH,20230912,0.951,0.95,0.953,0.944,0.945,-0.006,-0.6309,22570607.09,2138965.553,1.0,0.95,0.953,0.944,0.945,0.951
588000.SH,20230913,0.945,0.944,0.947,0.926,0.932,-0.013,-1.3757,37287420.03,3479002.528,1.0,0.944,0.947,0.926,0.932,0.945
588000.SH,20230914,0.932,0.93,0.935,0.921,0.925,-0.007,-0.7511,28028796.24,2595210.366,1.0,0.93,0.935,0.921,0.925,0.932
588000.SH,20230915,0.925,0.926,0.938,0.92,0.929,0.004,0.4324,34313410.29,3184199.184,1.0,0.926,0.938,0.92,0.929,0.925
588000.SH,20230918,0.929,0.925,0.932,0.92,0.923,-0.006,-0.6459,28681694.31,2652638.762,1.0,0.925,0.932,0.92,0.923,0.929
588000.SH,20230919,0.923,0.923,0.924,0.913,0.917,-0.006,-0.6501,28665395.8,2629823.968,1.0,0.923,0.924,0.913,0.917,0.923
588000.SH,20230920,0.917,0.914,0.919,0.908,0.908,-0.009,-0.9815,25336494.61,2310375.185,1.0,0.914,0.919,0.908,0.908,0.917
588000.SH,20230921,0.908,0.906,0.912,0.903,0.904,-0.004,-0.4405,27217010.8,2466850.196,1.0,0.906,0.912,0.903,0.904,0.908
588000.SH,20230922,0.904,0.902,0.928,0.902,0.927,0.023,2.5442,51440378.48,4717312.066,1.0,0.902,0.928,0.902,0.927,0.904
588000.SH,20230925,0.927,0.924,0.925,0.917,0.919,-0.008,-0.863,28044008.28,2580799.071,1.0,0.924,0.925,0.917,0.919,0.927
588000.SH,20230926,0.919,0.918,0.928,0.917,0.92,0.001,0.1088,26712000.78,2463590.845,1.0,0.918,0.928,0.917,0.92,0.919
588000.SH,20230927,0.92,0.918,0.93,0.917,0.925,0.005,0.5435,28503281.97,2637031.649,1.0,0.918,0.93,0.917,0.925,0.92
588000.SH,20230928,0.925,0.926,0.934,0.923,0.932,0.007,0.7568,24810526.18,2304456.207,1.0,0.926,0.934,0.923,0.932,0.925
588000.SH,20231009,0.932,0.929,0.934,0.923,0.93,-0.002,-0.2146,22368535.65,2077695.159,1.0,0.929,0.934,0.923,0.93,0.932
588000.SH,20231010,0.93,0.932,0.935,0.924,0.924,-0.006,-0.6452,19922425.52,1849703.968,1.0,0.932,0.935,0.924,0.924,0.93
588000.SH,20231011,0.924,0.927,0.938,0.926,0.937,0.013,1.4069,31212012.31,2911928.225,1.0,0.927,0.938,0.926,0.937,0.924
588000.SH,20231012,0.937,0.94,0.944,0.934,0.943,0.006,0.6403,27884109.55,2620526.243,1.0,0.94,0.944,0.934,0.943,0.937
588000.SH,20231013,0.943,0.936,0.94,0.931,0.934,-0.009,-0.9544,22138850.3,2070098.528,1.0,0.936,0.94,0.931,0.934,0.943
588000.SH,20231016,0.934,0.934,0.935,0.912,0.916,-0.018,-1.9272,29208976.31,2688226.615,1.0,0.934,0.935,0.912,0.916,0.934
588000.SH,20231017,0.916,0.917,0.927,0.913,0.924,0.008,0.8734,24184903.81,2226100.409,1.0,0.917,0.927,0.913,0.924,0.916
588000.SH,20231018,0.924,0.924,0.926,0.91,0.913,-0.011,-1.1905,24710929.24,2260151.937,1.0,0.924,0.926,0.91,0.913,0.924
588000.SH,20231019,0.913,0.907,0.921,0.906,0.911,-0.002,-0.2191,30747974.47,2812881.556,1.0,0.907,0.921,0.906,0.911,0.913
588000.SH,20231020,0.911,0.907,0.914,0.904,0.904,-0.007,-0.7684,27163625.9,2466286.817,1.0,0.907,0.914,0.904,0.904,0.911
588000.SH,20231023,0.904,0.901,0.902,0.88,0.883,-0.021,-2.323,40707232.8,3621088.511,1.0,0.901,0.902,0.88,0.883,0.904
588000.SH,20231024,0.883,0.887,0.899,0.88,0.893,0.01,1.1325,34890120.68,3103473.321,1.0,0.887,0.899,0.88,0.893,0.883
588000.SH,20231025,0.893,0.9,0.903,0.89,0.891,-0.002,-0.224,31618878.5,2833644.872,1.0,0.9,0.903,0.89,0.891,0.893
588000.SH,20231026,0.891,0.885,0.893,0.879,0.892,0.001,0.1122,32123585.36,2840449.646,1.0,0.885,0.893,0.879,0.892,0.891
588000.SH,20231027,0.892,0.887,0.909,0.885,0.906,0.014,1.5695,37740030.41,3387462.61,1.0,0.887,0.909,0.885,0.906,0.892
588000.SH,20231030,0.906,0.901,0.925,0.901,0.92,0.014,1.5453,42576225.57,3894539.14,1.0,0.901,0.925,0.901,0.92,0.906
588000.SH,20231031,0.92,0.92,0.924,0.911,0.917,-0.003,-0.3261,24498461.0,2242357.657,1.0,0.92,0.924,0.911,0.917,0.92
588000.SH,20231101,0.917,0.918,0.92,0.91,0.913,-0.004,-0.4362,21543718.47,1971176.222,1.0,0.918,0.92,0.91,0.913,0.917
588000.SH,20231102,0.913,0.913,0.918,0.902,0.903,-0.01,-1.0953,26056205.26,2368595.936,1.0,0.913,0.918,0.902,0.903,0.913
588000.SH,20231103,0.903,0.904,0.919,0.904,0.918,0.015,1.6611,31663947.36,2894826.061,1.0,0.904,0.919,0.904,0.918,0.903
588000.SH,20231106,0.918,0.924,0.936,0.923,0.934,0.016,1.7429,37465806.9,3488027.573,1.0,0.924,0.936,0.923,0.934,0.918
588000.SH,20231107,0.934,0.93,0.937,0.927,0.935,0.001,0.1071,28790798.78,2683304.021,1.0,0.93,0.937,0.927,0.935,0.934
588000.SH,20231108,0.935,0.933,0.95,0.932,0.943,0.008,0.8556,44993332.81,4238006.229,1.0,0.933,0.95,0.932,0.943,0.935
588000.SH,20231109,0.943,0.942,0.948,0.935,0.937,-0.006,-0.6363,26008440.91,2444347.467,1.0,0.942,0.948,0.935,0.937,0.943
588000.SH,20231110,0.937,0.932,0.936,0.927,0.931,-0.006,-0.6403,25539682.89,2379165.486,1.0,0.932,0.936,0.927,0.931,0.937
588000.SH,20231113,0.931,0.934,0.938,0.93,0.937,0.006,0.6445,21882078.56,2045269.454,1.0,0.934,0.938,0.93,0.937,0.931
588000.SH,20231114,0.937,0.936,0.947,0.935,0.946,0.009,0.9605,27998275.85,2636993.106,1.0,0.936,0.947,0.935,0.946,0.937
588000.SH,20231115,0.946,0.955,0.956,0.941,0.942,-0.004,-0.4228,28338717.3,2685632.202,1.0,0.955,0.956,0.941,0.942,0.946
588000.SH,20231116,0.942,0.94,0.941,0.927,0.928,-0.014,-1.4862,28642071.13,2670525.571,1.0,0.94,0.941,0.927,0.928,0.942
588000.SH,20231117,0.928,0.926,0.932,0.924,0.932,0.004,0.431,20985380.5,1948378.804,1.0,0.926,0.932,0.924,0.932,0.928
588000.SH,20231120,0.932,0.933,0.937,0.924,0.934,0.002,0.2146,23496699.94,2187205.051,1.0,0.933,0.937,0.924,0.934,0.932
588000.SH,20231121,0.934,0.935,0.938,0.925,0.927,-0.007,-0.7495,25185173.37,2347965.296,1.0,0.935,0.938,0.925,0.927,0.934
588000.SH,20231122,0.927,0.924,0.927,0.911,0.913,-0.014,-1.5102,29648643.63,2723419.92,1.0,0.924,0.927,0.911,0.913,0.927
588000.SH,20231123,0.913,0.912,0.919,0.907,0.918,0.005,0.5476,25112554.16,2292679.233,1.0,0.912,0.919,0.907,0.918,0.913
588000.SH,20231124,0.918,0.916,0.916,0.904,0.906,-0.012,-1.3072,24154610.04,2195353.987,1.0,0.916,0.916,0.904,0.906,0.918
588000.SH,20231127,0.906,0.905,0.912,0.902,0.909,0.003,0.3311,23500083.06,2132112.352,1.0,0.905,0.912,0.902,0.909,0.906
588000.SH,20231128,0.909,0.909,0.915,0.905,0.913,0.004,0.44,22702547.62,2068431.252,1.0,0.909,0.915,0.905,0.913,0.909
588000.SH,20231129,0.913,0.913,0.915,0.904,0.906,-0.007,-0.7667,23552584.19,2142048.965,1.0,0.913,0.915,0.904,0.906,0.913
588000.SH,20231130,0.906,0.904,0.907,0.9,0.907,0.001,0.1104,21692031.22,1959638.782,1.0,0.904,0.907,0.9,0.907,0.906
588000.SH,20231201,0.907,0.907,0.912,0.898,0.91,0.003,0.3308,25377989.38,2296080.923,1.0,0.907,0.912,0.898,0.91,0.907
588000.SH,20231204,0.91,0.91,0.917,0.905,0.906,-0.004,-0.4396,22206977.52,2022924.228,1.0,0.91,0.917,0.905,0.906,0.91
588000.SH,20231205,0.906,0.904,0.904,0.889,0.89,-0.016,-1.766,29695430.03,2661670.162,1.0,0.904,0.904,0.889,0.89,0.906
588000.SH,20231206,0.89,0.889,0.896,0.887,0.892,0.002,0.2247,21672809.32,1933900.582,1.0,0.889,0.896,0.887,0.892,0.89
588000.SH,20231207,0.892,0.891,0.895,0.884,0.891,-0.001,-0.1121,23438051.22,2084112.436,1.0,0.891,0.895,0.884,0.891,0.892
588000.SH,20231208,0.891,0.891,0.91,0.891,0.91,0.019,2.1324,36605626.49,3301893.477,1.0,0.891,0.91,0.891,0.91,0.891
588000.SH,20231211,0.91,0.907,0.924,0.9,0.923,0.013,1.4286,33412109.18,3047276.302,1.0,0.907,0.924,0.9,0.923,0.91
588000.SH,20231212,0.923,0.921,0.923,0.913,0.917,-0.006,-0.6501,23308884.29,2137727.341,1.0,0.921,0.923,0.913,0.917,0.923
588000.SH,20231213,0.917,0.915,0.921,0.906,0.907,-0.01,-1.0905,24601821.05,2246425.306,1.0,0.915,0.921,0.906,0.907,0.917
588000.SH,20231214,0.907,0.911,0.915,0.901,0.902,-0.005,-0.5513,24860820.25,2255739.539,1.0,0.911,0.915,0.901,0.902,0.907
588000.SH,20231215,0.902,0.905,0.907,0.893,0.895,-0.007,-0.7761,28240847.39,2539459.864,1.0,0.905,0.907,0.893,0.895,0.902
588000.SH,20231218,0.895,0.892,0.894,0.884,0.886,-0.009,-1.0056,25160090.91,2236404.048,1.0,0.892,0.894,0.884,0.886,0.895
588000.SH,20231219,0.886,0.885,0.896,0.883,0.892,0.006,0.6772,22939546.44,2039243.632,1.0,0.885,0.896,0.883,0.892,0.886
588000.SH,20231220,0.892,0.893,0.895,0.881,0.881,-0.011,-1.2332,23370799.33,2070795.237,1.0,0.893,0.895,0.881,0.881,0.892
588000.SH,20231221,0.881,0.878,0.896,0.877,0.893,0.012,1.3621,33128283.33,2939418.059,1.0,0.878,0.896,0.877,0.893,0.881
588000.SH,20231222,0.893,0.891,0.896,0.885,0.888,-0.005,-0.5599,27195973.73,2419864.743,1.0,0.891,0.896,0.885,0.888,0.893
588000.SH,20231225,0.888,0.886,0.891,0.879,0.883,-0.005,-0.5631,22542917.67,1990521.899,1.0,0.886,0.891,0.879,0.883,0.888
588000.SH,20231226,0.883,0.882,0.882,0.866,0.868,-0.015,-1.6988,29261766.34,2551050.948,1.0,0.882,0.882,0.866,0.868,0.883
588000.SH,20231227,0.868,0.87,0.876,0.868,0.873,0.005,0.576,22544720.74,1966011.128,1.0,0.87,0.876,0.868,0.873,0.868
588000.SH,20231228,0.873,0.871,0.898,0.87,0.894,0.021,2.4055,42187758.69,3741853.87,1.0,0.871,0.898,0.87,0.894,0.873
588000.SH,20231229,0.894,0.891,0.899,0.891,0.897,0.003,0.3356,24888340.77,2229214.45,1.0,0.891,0.899,0.891,0.897,0.894
588000.SH,20240102,0.897,0.898,0.898,0.885,0.886,-0.011,-1.2263,22534560.38,2002292.265,1.0,0.898,0.898,0.885,0.886,0.897
588000.SH,20240103,0.886,0.884,0.886,0.87,0.874,-0.012,-1.3544,29041949.46,2545013.823,1.0,0.884,0.886,0.87,0.874,0.886
588000.SH,20240104,0.874,0.873,0.874,0.86,0.866,-0.008,-0.9153,28508470.61,2468194.306,1.0,0.873,0.874,0.86,0.866,0.874
588000.SH,20240105,0.866,0.863,0.869,0.845,0.849,-0.017,-1.963,32556140.82,2789998.987,1.0,0.863,0.869,0.845,0.849,0.866
588000.SH,20240108,0.849,0.845,0.847,0.824,0.824,-0.025,-2.9446,38540954.45,3207785.17,1.0,0.845,0.847,0.824,0.824,0.849
588000.SH,20240109,0.824,0.825,0.835,0.816,0.824,0.0,0.0,30797145.73,2543740.211,1.0,0.825,0.835,0.816,0.824,0.824
588000.SH,20240110,0.824,0.82,0.831,0.81,0.818,-0.006,-0.7282,27373665.87,2243612.871,1.0,0.82,0.831,0.81,0.818,0.824
588000.SH,20240111,0.818,0.817,0.833,0.815,0.829,0.011,1.3447,26261262.87,2169614.44,1.0,0.817,0.833,0.815,0.829,0.818
588000.SH,20240112,0.829,0.826,0.83,0.817,0.818,-0.011,-1.3269,23396780.02,1925955.703,1.0,0.826,0.83,0.817,0.818,0.829
588000.SH,20240115,0.818,0.813,0.824,0.81,0.813,-0.005,-0.6112,25434400.39,2074744.232,1.0,0.813,0.824,0.81,0.813,0.818
588000.SH,20240116,0.813,0.811,0.817,0.804,0.817,0.004,0.492,29237243.23,2369396.869,1.0,0.811,0.817,0.804,0.817,0.813
588000.SH,20240117,0.817,0.814,0.814,0.794,0.795,-0.022,-2.6928,27500346.97,2213188.693,1.0,0.814,0.814,0.794,0.795,0.817
588000.SH,20240118,0.795,0.791,0.807,0.778,0.806,0.011,1.3836,42322215.08,3341707.091,1.0,0.791,0.807,0.778,0.806,0.795
588000.SH,20240119,0.806,0.803,0.811,0.8,0.803,-0.003,-0.3722,28452038.44,2289322.864,1.0,0.803,0.811,0.8,0.803,0.806
588000.SH,20240122,0.803,0.801,0.802,0.77,0.776,-0.027,-3.3624,30843339.74,2432939.544,1.0,0.801,0.802,0.77,0.776,0.803
588000.SH,20240123,0.776,0.772,0.79,0.769,0.786,0.01,1.2887,34928612.4,2730585.465,1.0,0.772,0.79,0.769,0.786,0.776
588000.SH,20240124,0.786,0.789,0.792,0.763,0.788,0.002,0.2545,37526411.69,2918169.8,1.0,0.789,0.792,0.763,0.788,0.786
588000.SH,20240125,0.788,0.785,0.806,0.781,0.804,0.016,2.0305,40130634.46,3191792.362,1.0,0.785,0.806,0.781,0.804,0.788
588000.SH,20240126,0.804,0.8,0.802,0.781,0.785,-0.019,-2.3632,34189779.38,2709998.422,1.0,0.8,0.802,0.781,0.785,0.804
588000.SH,20240129,0.785,0.791,0.794,0.763,0.764,-0.021,-2.6752,36301416.31,2815107.805,1.0,0.791,0.794,0.763,0.764,0.785
588000.SH,20240130,0.764,0.757,0.76,0.732,0.735,-0.029,-3.7958,40231346.42,3000318.362,1.0,0.757,0.76,0.732,0.735,0.764
588000.SH,20240131,0.735,0.731,0.736,0.717,0.722,-0.013,-1.7687,46771777.22,3401154.458,1.0,0.731,0.736,0.717,0.722,0.735
588000.SH,20240201,0.722,0.716,0.741,0.714,0.726,0.004,0.554,41918586.88,3054122.051,1.0,0.716,0.741,0.714,0.726,0.722
588000.SH,20240202,0.726,0.726,0.729,0.686,0.707,-0.019,-2.6171,52639701.88,3739941.703,1.0,0.726,0.729,0.686,0.707,0.726
588000.SH,20240205,0.707,0.7,0.721,0.666,0.709,0.002,0.2829,63221703.15,4401603.939,1.0,0.7,0.721,0.666,0.709,0.707
588000.SH,20240206,0.709,0.7,0.757,0.696,0.757,0.048,6.7701,57481904.27,4200261.761,1.0,0.7,0.757,0.696,0.757,0.709
588000.SH,20240207,0.757,0.755,0.779,0.752,0.777,0.02,2.642,47094421.68,3631342.515,1.0,0.755,0.779,0.752,0.777,0.757
588000.SH,20240208,0.777,0.784,0.804,0.779,0.786,0.009,1.1583,43397939.87,3433979.604,1.0,0.784,0.804,0.779,0.786,0.777
588000.SH,20240219,0.786,0.798,0.799,0.782,0.798,0.012,1.5267,33198906.45,2629504.217,1.0,0.798,0.799,0.782,0.798,0.786
588000.SH,20240220,0.798,0.792,0.794,0.783,0.79,-0.008,-1.0025,22904524.97,1804395.708,1.0,0.792,0.794,0.783,0.79,0.798
588000.SH,20240221,0.79,0.783,0.806,0.779,0.791,0.001,0.1266,34120453.71,2709935.859,1.0,0.783,0.806,0.779,0.791,0.79
588000.SH,20240222,0.791,0.791,0.806,0.79,0.799,0.008,1.0114,26463807.72,2113392.836,1.0,0.791,0.806,0.79,0.799,0.791
588000.SH,20240223,0.799,0.804,0.806,0.791,0.801,0.002,0.2503,23451420.85,1871344.344,1.0,0.804,0.806,0.791,0.801,0.799
588000.SH,20240226,0.801,0.8,0.815,0.798,0.806,0.005,0.6242,28045140.42,2259301.535,1.0,0.8,0.815,0.798,0.806,0.801
588000.SH,20240227,0.806,0.802,0.836,0.798,0.836,0.03,3.7221,40583675.74,3322108.293,1.0,0.802,0.836,0.798,0.836,0.806
588000.SH,20240228,0.836,0.836,0.851,0.808,0.808,-0.028,-3.3493,45629135.53,3799589.518,1.0,0.836,0.851,0.808,0.808,0.836
588000.SH,20240229,0.808,0.804,0.847,0.804,0.847,0.039,4.8267,50356641.18,4188208.11,1.0,0.804,0.847,0.804,0.847,0.808
588000.SH,20240301,0.847,0.85,0.857,0.841,0.855,0.008,0.9445,36927621.67,3138895.271,1.0,0.85,0.857,0.841,0.855,0.847
588000.SH,20240304,0.855,0.857,0.862,0.845,0.856,0.001,0.117,30482356.5,2608827.801,1.0,0.857,0.862,0.845,0.856,0.855
588000.SH,20240305,0.856,0.851,0.863,0.848,0.857,0.001,0.1168,32340511.63,2770107.889,1.0,0.851,0.863,0.848,0.857,0.856
588000.SH,20240306,0.857,0.854,0.861,0.842,0.85,-0.007,-0.8168,24937964.57,2122521.318,1.0,0.854,0.861,0.842,0.85,0.857
588000.SH,20240307,0.85,0.851,0.857,0.831,0.832,-0.018,-2.1176,29895055.87,2513686.259,1.0,0.851,0.857,0.831,0.832,0.85
588000.SH,20240308,0.832,0.833,0.845,0.829,0.841,0.009,1.0817,23576760.67,1971496.693,1.0,0.833,0.845,0.829,0.841,0.832
588000.SH,20240311,0.841,0.837,0.858,0.835,0.857,0.016,1.9025,27303687.97,2313925.652,1.0,0.837,0.858,0.835,0.857,0.841
588000.SH,20240312,0.857,0.858,0.867,0.851,0.856,-0.001,-0.1167,23895973.13,2049733.689,1.0,0.858,0.867,0.851,0.856,0.857
588000.SH,20240313,0.856,0.859,0.864,0.851,0.853,-0.003,-0.3505,22612869.2,1939533.932,1.0,0.859,0.864,0.851,0.853,0.856
588000.SH,20240314,0.853,0.85,0.854,0.836,0.842,-0.011,-1.2896,24735937.56,2090302.471,1.0,0.85,0.854,0.836,0.842,0.853
588000.SH,20240315,0.842,0.841,0.848,0.833,0.847,0.005,0.5938,21544848.72,1808475.203,1.0,0.841,0.848,0.833,0.847,0.842
588000.SH,20240318,0.847,0.847,0.865,0.847,0.864,0.017,2.0071,30125546.51,2585263.051,1.0,0.847,0.865,0.847,0.864,0.847
588000.SH,20240319,0.864,0.862,0.864,0.851,0.852,-0.012,-1.3889,25306077.01,2170020.947,1.0,0.862,0.864,0.851,0.852,0.864
588000.SH,20240320,0.852,0.851,0.856,0.846,0.854,0.002,0.2347,17683412.46,1506516.327,1.0,0.851,0.856,0.846,0.854,0.852
588000.SH,20240321,0.854,0.86,0.864,0.844,0.846,-0.008,-0.9368,29277749.61,2496463.76,1.0,0.86,0.864,0.844,0.846,0.854
588000.SH,20240322,0.846,0.842,0.848,0.831,0.832,-0.014,-1.6548,27853090.58,2331984.133,1.0,0.842,0.848,0.831,0.832,0.846
588000.SH,20240325,0.832,0.831,0.836,0.819,0.82,-0.012,-1.4423,23429868.48,1939588.853,1.0,0.831,0.836,0.819,0.82,0.832
588000.SH,20240326,0.82,0.819,0.825,0.806,0.81,-0.01,-1.2195,26417574.92,2148557.061,1.0,0.819,0.825,0.806,0.81,0.82
588000.SH,20240327,0.81,0.809,0.81,0.788,0.789,-0.021,-2.5926,27212637.96,2174532.825,1.0,0.809,0.81,0.788,0.789,0.81
588000.SH,20240328,0.789,0.788,0.809,0.788,0.799,0.01,1.2674,26283234.43,2101571.427,1.0,0.788,0.809,0.788,0.799,0.789
588000.SH,20240329,0.799,0.798,0.801,0.788,0.8,0.001,0.1252,21835076.43,1735248.818,1.0,0.798,0.801,0.788,0.8,0.799
588000.SH,20240401,0.8,0.803,0.815,0.802,0.813,0.013,1.625,22443669.47,1817665.588,1.0,0.803,0.815,0.802,0.813,0.8
588000.SH,20240402,0.813,0.813,0.813,0.801,0.806,-0.007,-0.861,19246877.54,1552538.833,1.0,0.813,0.813,0.801,0.806,0.813
588000.SH,20240403,0.806,0.806,0.807,0.792,0.794,-0.012,-1.4888,20761995.07,1655420.211,1.0,0.806,0.807,0.792,0.794,0.806
588000.SH,20240408,0.794,0.792,0.793,0.776,0.778,-0.016,-2.0151,21433419.73,1679254.962,1.0,0.792,0.793,0.776,0.778,0.794
588000.SH,20240409,0.778,0.776,0.786,0.772,0.785,0.007,0.8997,21014082.25,1639520.584,1.0,0.776,0.786,0.772,0.785,0.778
588000.SH,20240410,0.785,0.786,0.787,0.768,0.773,-0.012,-1.5287,22818031.75,1768324.894,1.0,0.786,0.787,0.768,0.773,0.785
588000.SH,20240411,0.773,0.771,0.783,0.77,0.774,0.001,0.1294,22606562.59,1757055.895,1.0,0.771,0.783,0.77,0.774,0.773
588000.SH,20240412,0.774,0.776,0.783,0.772,0.773,-0.001,-0.1292,19894512.01,1547540.775,1.0,0.776,0.783,0.772,0.773,0.774
588000.SH,20240415,0.773,0.773,0.79,0.771,0.785,0.012,1.5524,25997672.48,2035684.316,1.0,0.773,0.79,0.771,0.785,0.773
588000.SH,20240416,0.785,0.78,0.784,0.766,0.768,-0.017,-2.1656,22433673.59,1736592.935,1.0,0.78,0.784,0.766,0.768,0.785
588000.SH,20240417,0.768,0.772,0.786,0.77,0.785,0.017,2.2135,24046638.57,1874104.214,1.0,0.772,0.786,0.77,0.785,0.768
588000.SH,20240418,0.785,0.782,0.793,0.775,0.781,-0.004,-0.5096,28700522.18,2252767.679,1.0,0.782,0.793,0.775,0.781,0.785
588000.SH,20240419,0.781,0.776,0.777,0.764,0.765,-0.016,-2.0487,23963939.5,1842782.119,1.0,0.776,0.777,0.764,0.765,0.781
588000.SH,20240422,0.765,0.759,0.77,0.753,0.766,0.001,0.1307,19792118.6,1512928.087,1.0,0.759,0.77,0.753,0.766,0.765
588000.SH,20240423,0.766,0.768,0.77,0.759,0.763,-0.003,-0.3916,17067349.11,1302199.505,1.0,0.768,0.77,0.759,0.763,0.766
588000.SH,20240424,0.763,0.765,0.774,0.762,0.773,0.01,1.3106,18129667.16,1393704.142,1.0,0.765,0.774,0.762,0.773,0.763
588000.SH,20240425,0.773,0.77,0.775,0.765,0.768,-0.005,-0.6468,17763172.63,1366614.561,1.0,0.77,0.775,0.765,0.768,0.773
588000.SH,20240426,0.768,0.768,0.789,0.768,0.787,0.019,2.474,31216515.26,2440934.376,1.0,0.768,0.789,0.768,0.787,0.768
588000.SH,20240429,0.787,0.79,0.816,0.788,0.812,0.025,3.1766,34436069.47,2776624.15,1.0,0.79,0.816,0.788,0.812,0.787
588000.SH,20240430,0.812,0.81,0.812,0.801,0.804,-0.008,-0.9852,25096674.56,2021054.936,1.0,0.81,0.812,0.801,0.804,0.812
588000.SH,20240506,0.804,0.817,0.821,0.81,0.813,0.009,1.1194,27010451.54,2204112.993,1.0,0.817,0.821,0.81,0.813,0.804
588000.SH,20240507,0.813,0.812,0.816,0.804,0.806,-0.007,-0.861,21584352.74,1744758.629,1.0,0.812,0.816,0.804,0.806,0.813
588000.SH,20240508,0.806,0.804,0.805,0.796,0.797,-0.009,-1.1166,19566258.74,1564421.369,1.0,0.804,0.805,0.796,0.797,0.806
588000.SH,20240509,0.797,0.797,0.816,0.797,0.815,0.018,2.2585,31138581.31,2521904.728,1.0,0.797,0.816,0.797,0.815,0.797
588000.SH,20240510,0.815,0.815,0.816,0.801,0.804,-0.011,-1.3497,25031713.82,2013916.012,1.0,0.815,0.816,0.801,0.804,0.815
588000.SH,20240513,0.804,0.798,0.805,0.793,0.798,-0.006,-0.7463,18181348.95,1453160.624,1.0,0.798,0.805,0.793,0.798,0.804
588000.SH,20240514,0.798,0.801,0.805,0.795,0.796,-0.002,-0.2506,17250331.2,1376956.026,1.0,0.801,0.805,0.795,0.796,0.798
588000.SH,20240515,0.796,0.795,0.796,0.784,0.784,-0.012,-1.5075,21238276.9,1677041.066,1.0,0.795,0.796,0.784,0.784,0.796
588000.SH,20240516,0.784,0.786,0.79,0.779,0.781,-0.003,-0.3827,23618334.99,1853363.229,1.0,0.786,0.79,0.779,0.781,0.784
588000.SH,20240517,0.781,0.779,0.79,0.776,0.79,0.009,1.1524,22460196.81,1761170.495,1.0,0.779,0.79,0.776,0.79,0.781
588000.SH,20240520,0.79,0.789,0.796,0.785,0.789,-0.001,-0.1266,25397612.35,2007192.198,1.0,0.789,0.796,0.785,0.789,0.79
588000.SH,20240521,0.789,0.787,0.791,0.782,0.783,-0.006,-0.7605,15926934.77,1250864.32,1.0,0.787,0.791,0.782,0.783,0.789
588000.SH,20240522,0.783,0.784,0.792,0.778,0.789,0.006,0.7663,23833691.94,1869892.809,1.0,0.784,0.792,0.778,0.789,0.783
588000.SH,20240523,0.789,0.787,0.789,0.775,0.777,-0.012,-1.5209,22804342.31,1778667.482,1.0,0.787,0.789,0.775,0.777,0.789
588000.SH,20240524,0.777,0.776,0.781,0.76,0.761,-0.016,-2.0592,24963144.43,1919586.736,1.0,0.776,0.781,0.76,0.761,0.777
588000.SH,20240527,0.761,0.76,0.773,0.753,0.772,0.011,1.4455,26966410.61,2055803.517,1.0,0.76,0.773,0.753,0.772,0.761
588000.SH,20240528,0.772,0.77,0.78,0.768,0.769,-0.003,-0.3886,22875813.02,1769358.556,1.0,0.77,0.78,0.768,0.769,0.772
588000.SH,20240529,0.769,0.768,0.775,0.765,0.769,0.0,0.0,17505365.16,1349056.515,1.0,0.768,0.775,0.765,0.769,0.769
588000.SH,20240530,0.769,0.768,0.781,0.764,0.777,0.008,1.0403,25230326.69,1955880.238,1.0,0.768,0.781,0.764,0.777,0.769
588000.SH,20240531,0.777,0.778,0.786,0.775,0.778,0.001,0.1287,19436245.4,1516034.133,1.0,0.778,0.786,0.775,0.778,0.777
588000.SH,20240603,0.778,0.778,0.79,0.776,0.785,0.007,0.8997,28062035.09,2200969.312,1.0,0.778,0.79,0.776,0.785,0.778
588000.SH,20240604,0.785,0.784,0.791,0.781,0.789,0.004,0.5096,19902771.72,1562970.188,1.0,0.784,0.791,0.781,0.789,0.785
588000.SH,20240605,0.789,0.788,0.798,0.786,0.788,-0.001,-0.1267,24612336.9,1950403.061,1.0,0.788,0.798,0.786,0.788,0.789
588000.SH,20240606,0.788,0.792,0.795,0.777,0.779,-0.009,-1.1421,25694435.36,2021674.174,1.0,0.792,0.795,0.777,0.779,0.788
588000.SH,20240607,0.779,0.779,0.786,0.768,0.775,-0.004,-0.5135,25740027.72,1997225.907,1.0,0.779,0.786,0.768,0.775,0.779
588000.SH,20240611,0.775,0.774,0.795,0.772,0.794,0.019,2.4516,38572402.84,3028932.689,1.0,0.774,0.795,0.772,0.794,0.775
588000.SH,20240612,0.794,0.797,0.799,0.791,0.793,-0.001,-0.1259,28266468.88,2248464.095,1.0,0.797,0.799,0.791,0.793,0.794
588000.SH,20240613,0.793,0.795,0.804,0.793,0.796,0.003,0.3783,32838965.92,2622313.711,1.0,0.795,0.804,0.793,0.796,0.793
588000.SH,20240614,0.796,0.794,0.794,0.788,0.791,-0.005,-0.6281,26035688.4,2058148.207,1.0,0.794,0.794,0.788,0.791,0.796
588000.SH,20240617,0.791,0.788,0.797,0.786,0.794,0.003,0.3793,21318492.82,1690043.657,1.0,0.788,0.797,0.786,0.794,0.791
588000.SH,20240618,0.794,0.794,0.801,0.789,0.794,0.0,0.0,22389532.82,1780969.854,1.0,0.794,0.801,0.789,0.794,0.794
588000.SH,20240619,0.794,0.794,0.796,0.783,0.787,-0.007,-0.8816,26906064.1,2121623.028,1.0,0.794,0.796,0.783,0.787,0.794
588000.SH,20240620,0.787,0.789,0.803,0.786,0.791,0.004,0.5083,42119528.95,3351520.598,1.0,0.789,0.803,0.786,0.791,0.787
588000.SH,20240621,0.791,0.787,0.796,0.78,0.795,0.004,0.5057,29695186.7,2340224.241,1.0,0.787,0.796,0.78,0.795,0.791
588000.SH,20240624,0.795,0.793,0.799,0.772,0.774,-0.021,-2.6415,38076845.22,2993775.562,1.0,0.793,0.799,0.772,0.774,0.795
588000.SH,20240625,0.774,0.773,0.774,0.747,0.751,-0.023,-2.9716,38675057.52,2935730.032,1.0,0.773,0.774,0.747,0.751,0.774
588000.SH,20240626,0.751,0.751,0.767,0.747,0.764,0.013,1.731,28784620.88,2176819.835,1.0,0.751,0.767,0.747,0.764,0.751
588000.SH,20240627,0.764,0.76,0.762,0.749,0.75,-0.014,-1.8325,22496034.85,1695298.955,1.0,0.76,0.762,0.749,0.75,0.764
588000.SH,20240628,0.75,0.749,0.759,0.743,0.745,-0.005,-0.6667,24816931.74,1864596.745,1.0,0.749,0.759,0.743,0.745,0.75
588000.SH,20240701,0.745,0.745,0.748,0.732,0.743,-0.002,-0.2685,22150479.16,1637765.726,1.0,0.745,0.748,0.732,0.743,0.745
588000.SH,20240702,0.743,0.741,0.742,0.73,0.732,-0.011,-1.4805,23024294.83,1694236.653,1.0,0.741,0.742,0.73,0.732,0.743
588000.SH,20240703,0.732,0.733,0.741,0.725,0.734,0.002,0.2732,21930557.11,1607158.568,1.0,0.733,0.741,0.725,0.734,0.732
588000.SH,20240704,0.734,0.735,0.738,0.722,0.723,-0.011,-1.4986,21989128.8,1601030.277,1.0,0.735,0.738,0.722,0.723,0.734
588000.SH,20240705,0.723,0.721,0.733,0.715,0.731,0.008,1.1065,25136052.82,1818563.849,1.0,0.721,0.733,0.715,0.731,0.723
588000.SH,20240708,0.731,0.729,0.736,0.721,0.724,-0.007,-0.9576,18739491.81,1365311.716,1.0,0.729,0.736,0.721,0.724,0.731
588000.SH,20240709,0.724,0.722,0.745,0.721,0.742,0.018,2.4862,29041434.51,2132090.589,1.0,0.722,0.745,0.721,0.742,0.724
588000.SH,20240710,0.742,0.74,0.748,0.738,0.743,0.001,0.1348,19415345.34,1444413.932,1.0,0.74,0.748,0.738,0.743,0.742
588000.SH,20240711,0.743,0.754,0.758,0.744,0.751,0.008,1.0767,25142113.45,1889360.003,1.0,0.754,0.758,0.744,0.751,0.743
588000.SH,20240712,0.751,0.747,0.754,0.743,0.752,0.001,0.1332,19880112.26,1487020.391,1.0,0.747,0.754,0.743,0.752,0.751
588000.SH,20240715,0.752,0.749,0.753,0.745,0.748,-0.004,-0.5319,15605299.48,1167709.284,1.0,0.749,0.753,0.745,0.748,0.752
588000.SH,20240716,0.748,0.746,0.766,0.743,0.764,0.016,2.139,32612811.58,2467335.402,1.0,0.746,0.766,0.743,0.764,0.748
588000.SH,20240717,0.764,0.763,0.769,0.761,0.762,-0.002,-0.2618,20002394.12,1529995.628,1.0,0.763,0.769,0.761,0.762,0.764
588000.SH,20240718,0.762,0.757,0.773,0.751,0.769,0.007,0.9186,26083229.86,1984830.676,1.0,0.757,0.773,0.751,0.769,0.762
588000.SH,20240719,0.769,0.765,0.785,0.764,0.784,0.015,1.9506,31299179.22,2437096.222,1.0,0.765,0.785,0.764,0.784,0.769
588000.SH,20240722,0.784,0.784,0.792,0.781,0.787,0.003,0.3827,23500357.8,1848538.366,1.0,0.784,0.792,0.781,0.787,0.784
588000.SH,20240723,0.787,0.786,0.786,0.755,0.756,-0.031,-3.939,26705419.4,2051326.467,1.0,0.786,0.786,0.755,0.756,0.787
588000.SH,20240724,0.756,0.754,0.76,0.745,0.746,-0.01,-1.3228,20717623.57,1559391.67,1.0,0.754,0.76,0.745,0.746,0.756
588000.SH,20240725,0.746,0.743,0.757,0.742,0.748,0.002,0.2681,16642098.75,1245489.296,1.0,0.743,0.757,0.742,0.748,0.746
588000.SH,20240726,0.748,0.749,0.758,0.744,0.753,0.005,0.6684,17248219.27,1296208.165,1.0,0.749,0.758,0.744,0.753,0.748
588000.SH,20240729,0.753,0.754,0.755,0.739,0.74,-0.013,-1.7264,17913585.43,1337330.994,1.0,0.754,0.755,0.739,0.74,0.753
588000.SH,20240730,0.74,0.738,0.746,0.733,0.743,0.003,0.4054,20283371.49,1498244.295,1.0,0.738,0.746,0.733,0.743,0.74
588000.SH,20240731,0.743,0.742,0.78,0.74,0.778,0.035,4.7106,36641752.17,2803900.89,1.0,0.742,0.78,0.74,0.778,0.743
588000.SH,20240801,0.778,0.779,0.784,0.77,0.774,-0.004,-0.5141,26440448.69,2055113.802,1.0,0.779,0.784,0.77,0.774,0.778
588000.SH,20240802,0.774,0.767,0.777,0.758,0.762,-0.012,-1.5504,25964955.52,1990310.788,1.0,0.767,0.777,0.758,0.762,0.774
588000.SH,20240805,0.762,0.756,0.765,0.738,0.738,-0.024,-3.1496,32510408.0,2437530.523,1.0,0.756,0.765,0.738,0.738,0.762
588000.SH,20240806,0.738,0.747,0.752,0.739,0.748,0.01,1.355,21954679.44,1635802.166,1.0,0.747,0.752,0.739,0.748,0.738
588000.SH,20240807,0.748,0.748,0.751,0.741,0.742,-0.006,-0.8021,16920511.42,1260936.052,1.0,0.748,0.751,0.741,0.742,0.748
588000.SH,20240808,0.742,0.739,0.752,0.734,0.745,0.003,0.4043,21932498.28,1629082.757,1.0,0.739,0.752,0.734,0.745,0.742
588000.SH,20240809,0.745,0.751,0.754,0.74,0.742,-0.003,-0.4027,18536972.6,1383136.584,1.0,0.751,0.754,0.74,0.742,0.745
588000.SH,20240812,0.742,0.739,0.744,0.737,0.742,0.0,0.0,13369018.03,990297.715,1.0,0.739,0.744,0.737,0.742,0.742
588000.SH,20240813,0.742,0.742,0.746,0.737,0.746,0.004,0.5391,14975957.92,1110465.092,1.0,0.742,0.746,0.737,0.746,0.742
588000.SH,20240814,0.746,0.746,0.746,0.735,0.736,-0.01,-1.3405,15293256.16,1130839.883,1.0,0.746,0.746,0.735,0.736,0.746
588000.SH,20240815,0.736,0.734,0.75,0.732,0.743,0.007,0.9511,24259592.97,1800934.097,1.0,0.734,0.75,0.732,0.743,0.736
588000.SH,20240816,0.743,0.742,0.746,0.738,0.74,-0.003,-0.4038,17269937.56,1280438.96,1.0,0.742,0.746,0.738,0.74,0.743
588000.SH,20240819,0.74,0.74,0.747,0.738,0.739,-0.001,-0.1351,17351484.03,1287454.713,1.0,0.74,0.747,0.738,0.739,0.74
588000.SH,20240820,0.739,0.739,0.74,0.725,0.728,-0.011,-1.4885,21138850.9,1546066.322,1.0,0.739,0.74,0.725,0.728,0.739
588000.SH,20240821,0.728,0.726,0.733,0.724,0.726,-0.002,-0.2747,15259185.43,1110891.499,1.0,0.726,0.733,0.724,0.726,0.728
588000.SH,20240822,0.726,0.727,0.73,0.717,0.719,-0.007,-0.9642,17540939.03,1265823.533,1.0,0.727,0.73,0.717,0.719,0.726
588000.SH,20240823,0.719,0.717,0.722,0.709,0.72,0.001,0.1391,21951872.85,1569643.974,1.0,0.717,0.722,0.709,0.72,0.719
588000.SH,20240826,0.72,0.718,0.723,0.713,0.715,-0.005,-0.6944,14633062.6,1049619.281,1.0,0.718,0.723,0.713,0.715,0.72
588000.SH,20240827,0.715,0.714,0.714,0.705,0.708,-0.007,-0.979,18548676.78,1314001.876,1.0,0.714,0.714,0.705,0.708,0.715
588000.SH,20240828,0.708,0.706,0.709,0.702,0.704,-0.004,-0.565,15007982.49,1057947.369,1.0,0.706,0.709,0.702,0.704,0.708
588000.SH,20240829,0.704,0.701,0.717,0.699,0.713,0.009,1.2784,21111174.21,1497921.387,1.0,0.701,0.717,0.699,0.713,0.704
588000.SH,20240830,0.713,0.711,0.735,0.71,0.728,0.015,2.1038,31763507.26,2307216.299,1.0,0.711,0.735,0.71,0.728,0.713
588000.SH,20240902,0.728,0.725,0.729,0.703,0.703,-0.025,-3.4341,26345634.26,1879961.256,1.0,0.725,0.729,0.703,0.703,0.728
588000.SH,20240903,0.703,0.702,0.715,0.702,0.708,0.005,0.7112,17351761.24,1229580.001,1.0,0.702,0.715,0.702,0.708,0.703
588000.SH,20240904,0.708,0.703,0.712,0.699,0.705,-0.003,-0.4237,17186011.54,1212604.55,1.0,0.703,0.712,0.699,0.705,0.708
588000.SH,20240905,0.705,0.705,0.714,0.701,0.705,0.0,0.0,17959170.36,1269930.818,1.0,0.705,0.714,0.701,0.705,0.705
588000.SH,20240906,0.705,0.706,0.707,0.694,0.696,-0.009,-1.2766,19778477.34,1384548.499,1.0,0.706,0.707,0.694,0.696,0.705
588000.SH,20240909,0.696,0.692,0.698,0.685,0.687,-0.009,-1.2931,19046478.94,1313641.363,1.0,0.692,0.698,0.685,0.687,0.696
588000.SH,20240910,0.687,0.689,0.696,0.68,0.692,0.005,0.7278,20339243.79,1398906.192,1.0,0.689,0.696,0.68,0.692,0.687
588000.SH,20240911,0.692,0.689,0.698,0.688,0.695,0.003,0.4335,18811683.6,1306053.015,1.0,0.689,0.698,0.688,0.695,0.692
588000.SH,20240912,0.695,0.697,0.704,0.69,0.69,-0.005,-0.7194,16254589.31,1132510.209,1.0,0.697,0.704,0.69,0.69,0.695
588000.SH,20240913,0.69,0.689,0.694,0.681,0.683,-0.007,-1.0145,15554306.59,1068490.186,1.0,0.689,0.694,0.681,0.683,0.69
588000.SH,20240918,0.683,0.685,0.686,0.671,0.678,-0.005,-0.7321,18968533.05,1284514.101,1.0,0.685,0.686,0.671,0.678,0.683
588000.SH,20240919,0.678,0.68,0.69,0.673,0.683,0.005,0.7375,24700492.73,1683374.615,1.0,0.68,0.69,0.673,0.683,0.678
588000.SH,20240920,0.683,0.682,0.685,0.673,0.678,-0.005,-0.7321,19628681.01,1329277.362,1.0,0.682,0.685,0.673,0.678,0.683
588000.SH,20240923,0.678,0.678,0.685,0.673,0.674,-0.004,-0.59,18858368.64,1277301.347,1.0,0.678,0.685,0.673,0.674,0.678
588000.SH,20240924,0.674,0.68,0.7,0.671,0.699,0.025,3.7092,43431243.47,2981165.528,1.0,0.68,0.7,0.671,0.699,0.674
588000.SH,20240925,0.699,0.706,0.718,0.699,0.7,0.001,0.1431,51417485.68,3643738.208,1.0,0.706,0.718,0.699,0.7,0.699
588000.SH,20240926,0.7,0.698,0.729,0.695,0.728,0.028,4.0,53941352.57,3831216.709,1.0,0.698,0.729,0.695,0.728,0.7
588000.SH,20240927,0.728,0.739,0.797,0.738,0.792,0.064,8.7912,59440081.77,4525587.226,1.0,0.739,0.797,0.738,0.792,0.728
588000.SH,20240930,0.792,0.85,0.95,0.813,0.95,0.158,19.9495,161796481.42,14302262.25,1.0,0.85,0.95,0.813,0.95,0.792
588000.SH,20241008,0.95,1.14,1.14,1.045,1.14,0.19,20.0,226048131.07,25494037.87,1.0,1.14,1.14,1.045,1.14,0.95
588000.SH,20241009,1.14,1.138,1.202,1.0,1.096,-0.044,-3.8596,254529490.93,28101905.067,1.0,1.138,1.202,1.0,1.096,1.14
588000.SH,20241010,1.096,1.091,1.092,1.0,1.026,-0.07,-6.3869,166422711.22,17283056.908,1.0,1.091,1.092,1.0,1.026,1.096
588000.SH,20241011,1.026,1.0,1.0,0.937,0.951,-0.075,-7.3099,150377566.71,14497968.236,1.0,1.0,1.0,0.937,0.951,1.026
588000.SH,20241014,0.951,0.949,0.982,0.919,0.974,0.023,2.4185,121379058.83,11552671.984,1.0,0.949,0.982,0.919,0.974,0.951
588000.SH,20241015,0.974,0.965,0.991,0.945,0.946,-0.028,-2.8747,90770988.2,8785282.46,1.0,0.965,0.991,0.945,0.946,0.974
588000.SH,20241016,0.946,0.92,0.945,0.915,0.923,-0.023,-2.4313,72079067.22,6684567.853,1.0,0.92,0.945,0.915,0.923,0.946
588000.SH,20241017,0.923,0.942,0.948,0.925,0.926,0.003,0.325,67513967.14,6330089.798,1.0,0.942,0.948,0.925,0.926,0.923
588000.SH,20241018,0.926,0.926,1.094,0.923,1.041,0.115,12.419,202720164.64,20349247.671,1.0,0.926,1.094,0.923,1.041,0.926
588000.SH,20241021,1.041,1.05,1.118,1.026,1.05,0.009,0.8646,211365660.88,22498921.819,1.0,1.05,1.118,1.026,1.05,1.041
588000.SH,20241022,1.05,1.031,1.055,1.02,1.037,-0.013,-1.2381,108058254.17,11184703.344,1.0,1.031,1.055,1.02,1.037,1.05
588000.SH,20241023,1.037,1.03,1.057,1.024,1.032,-0.005,-0.4822,94409208.42,9789403.027,1.0,1.03,1.057,1.024,1.032,1.037
588000.SH,20241024,1.032,1.024,1.04,1.02,1.029,-0.003,-0.2907,61763031.83,6355014.708,1.0,1.024,1.04,1.02,1.029,1.032
588000.SH,20241025,1.029,1.034,1.068,1.025,1.045,0.016,1.5549,90507438.81,9443848.529,1.0,1.034,1.068,1.025,1.045,1.029
588000.SH,20241028,1.045,1.04,1.043,1.027,1.039,-0.006,-0.5742,55268877.29,5719351.435,1.0,1.04,1.043,1.027,1.039,1.045
588000.SH,20241029,1.039,1.04,1.06,1.026,1.028,-0.011,-1.0587,80476318.57,8374841.849,1.0,1.04,1.06,1.026,1.028,1.039
588000.SH,20241030,1.028,1.02,1.026,0.998,1.008,-0.02,-1.9455,74257122.97,7513308.906,1.0,1.02,1.026,0.998,1.008,1.028
588000.SH,20241031,1.008,1.006,1.029,0.998,1.02,0.012,1.1905,83446203.23,8484119.689,1.0,1.006,1.029,0.998,1.02,1.008
588000.SH,20241101,1.02,1.01,1.019,0.989,0.99,-0.03,-2.9412,76561037.81,7684332.121,1.0,1.01,1.019,0.989,0.99,1.02
588000.SH,20241104,0.99,0.985,1.005,0.985,1.004,0.014,1.4141,47493367.77,4742738.468,1.0,0.985,1.005,0.985,1.004,0.99
588000.SH,20241105,1.004,1.004,1.05,1.0,1.05,0.046,4.5817,102512466.11,10620719.008,1.0,1.004,1.05,1.0,1.05,1.004
588000.SH,20241106,1.05,1.054,1.072,1.039,1.053,0.003,0.2857,94418141.11,9984727.021,1.0,1.054,1.072,1.039,1.053,1.05
588000.SH,20241107,1.053,1.042,1.096,1.039,1.087,0.034,3.2289,82894032.97,8807877.457,1.0,1.042,1.096,1.039,1.087,1.053
588000.SH,20241108,1.087,1.109,1.129,1.08,1.081,-0.006,-0.552,106958592.57,11824962.228,1.0,1.109,1.129,1.08,1.081,1.087
588000.SH,20241111,1.081,1.082,1.131,1.082,1.13,0.049,4.5328,104960349.06,11718450.054,1.0,1.082,1.131,1.082,1.13,1.081
588000.SH,20241112,1.13,1.13,1.136,1.093,1.105,-0.025,-2.2124,79043198.69,8818289.583,1.0,1.13,1.136,1.093,1.105,1.13
588000.SH,20241113,1.105,1.095,1.117,1.092,1.116,0.011,0.9955,65326617.07,7211223.432,1.0,1.095,1.117,1.092,1.116,1.105
588000.SH,20241114,1.116,1.11,1.12,1.076,1.08,-0.036,-3.2258,57128654.69,6274995.283,1.0,1.11,1.12,1.076,1.08,1.116
588000.SH,20241115,1.08,1.076,1.084,1.038,1.04,-0.04,-3.7037,66012564.57,7009554.623,1.0,1.076,1.084,1.038,1.04,1.08
588000.SH,20241118,1.04,1.04,1.055,1.013,1.02,-0.02,-1.9231,61360727.09,6330316.157,1.0,1.04,1.055,1.013,1.02,1.04
588000.SH,20241119,1.02,1.025,1.053,1.01,1.052,0.032,3.1373,64386433.19,6639965.51,1.0,1.025,1.053,1.01,1.052,1.02
588000.SH,20241120,1.052,1.045,1.061,1.039,1.055,0.003,0.2852,50197918.77,5271242.441,1.0,1.045,1.061,1.039,1.055,1.052
588000.SH,20241121,1.055,1.055,1.073,1.051,1.064,0.009,0.8531,55226991.34,5871055.971,1.0,1.055,1.073,1.051,1.064,1.055
588000.SH,20241122,1.064,1.062,1.072,1.02,1.022,-0.042,-3.9474,56633734.11,5919385.045,1.0,1.062,1.072,1.02,1.022,1.064
588000.SH,20241125,1.022,1.021,1.025,0.991,1.008,-0.014,-1.3699,55630388.45,5592519.862,1.0,1.021,1.025,0.991,1.008,1.022
588000.SH,20241126,1.008,1.005,1.019,1.001,1.002,-0.006,-0.5952,33543630.58,3383044.499,1.0,1.005,1.019,1.001,1.002,1.008
588000.SH,20241127,1.002,1.001,1.039,0.99,1.038,0.036,3.5928,63550774.14,6462079.552,1.0,1.001,1.039,0.99,1.038,1.002
588000.SH,20241128,1.038,1.037,1.056,1.032,1.034,-0.004,-0.3854,49757698.55,5184551.82,1.0,1.037,1.056,1.032,1.034,1.038
588000.SH,20241129,1.034,1.031,1.078,1.029,1.06,0.026,2.5145,66505700.87,7005846.737,1.0,1.031,1.078,1.029,1.06,1.034
588000.SH,20241202,1.06,1.06,1.075,1.053,1.068,0.008,0.7547,46738907.52,4985035.09,1.0,1.06,1.075,1.053,1.068,1.06
588000.SH,20241203,1.068,1.068,1.074,1.048,1.057,-0.011,-1.03,42396046.07,4493309.559,1.0,1.068,1.074,1.048,1.057,1.068
588000.SH,20241204,1.057,1.072,1.075,1.045,1.05,-0.007,-0.6623,45092826.57,4782761.421,1.0,1.072,1.075,1.045,1.05,1.057
588000.SH,20241205,1.05,1.045,1.058,1.043,1.053,0.003,0.2857,30860025.28,3243935.626,1.0,1.045,1.058,1.043,1.053,1.05
588000.SH,20241206,1.053,1.056,1.077,1.045,1.067,0.014,1.3295,55304411.16,5883307.898,1.0,1.056,1.077,1.045,1.067,1.053
588000.SH,20241209,1.067,1.065,1.069,1.046,1.054,-0.013,-1.2184,41233208.75,4356614.224,1.0,1.065,1.069,1.046,1.054,1.067
588000.SH,20241210,1.054,1.117,1.117,1.059,1.063,0.009,0.8539,74808790.32,8094657.637,1.0,1.117,1.117,1.059,1.063,1.054
588000.SH,20241211,1.063,1.058,1.068,1.056,1.059,-0.004,-0.3763,36739356.05,3895195.827,1.0,1.058,1.068,1.056,1.059,1.063
588000.SH,20241212,1.059,1.059,1.067,1.05,1.063,0.004,0.3777,39639729.65,4198011.726,1.0,1.059,1.067,1.05,1.063,1.059
588000.SH,20241213,1.063,1.057,1.061,1.039,1.042,-0.021,-1.9755,50936513.08,5344287.953,1.0,1.057,1.061,1.039,1.042,1.063
588000.SH,20241216,1.042,1.04,1.042,1.021,1.025,-0.017,-1.6315,36516576.41,3757634.732,1.0,1.04,1.042,1.021,1.025,1.042
588000.SH,20241217,1.025,1.022,1.03,1.016,1.019,-0.006,-0.5854,33650432.11,3438421.305,1.0,1.022,1.03,1.016,1.019,1.025
588000.SH,20241218,1.019,1.022,1.036,1.016,1.033,0.014,1.3739,41567365.84,4271498.746,1.0,1.022,1.036,1.016,1.033,1.019
588000.SH,20241219,1.033,1.022,1.05,1.019,1.045,0.012,1.1617,44524875.26,4621837.852,1.0,1.022,1.05,1.019,1.045,1.033
588000.SH,20241220,1.045,1.041,1.08,1.041,1.065,0.02,1.9139,69139867.73,7354105.377,1.0,1.041,1.08,1.041,1.065,1.045
588000.SH,20241223,1.065,1.065,1.08,1.05,1.052,-0.013,-1.2207,43811656.23,4663261.985,1.0,1.065,1.08,1.05,1.052,1.065
588000.SH,20241224,1.052,1.056,1.071,1.045,1.069,0.017,1.616,38451008.05,4072401.222,1.0,1.056,1.071,1.045,1.069,1.052
588000.SH,20241225,1.069,1.072,1.08,1.064,1.072,0.003,0.2806,41294420.58,4433315.326,1.0,1.072,1.08,1.064,1.072,1.069
588000.SH,20241226,1.072,1.07,1.085,1.066,1.081,0.009,0.8396,38092004.7,4108201.885,1.0,1.07,1.085,1.066,1.081,1.072
588000.SH,20241227,1.081,1.08,1.099,1.071,1.074,-0.007,-0.6475,46749628.03,5078764.565,1.0,1.08,1.099,1.071,1.074,1.081
588000.SH,20241230,1.074,1.07,1.087,1.066,1.077,0.003,0.2793,32162599.36,3463064.666,1.0,1.07,1.087,1.066,1.077,1.074
588000.SH,20241231,1.077,1.076,1.078,1.043,1.045,-0.032,-2.9712,46362003.46,4902285.91,1.0,1.076,1.078,1.043,1.045,1.077
588000.SH,20250102,1.045,1.041,1.042,0.997,1.009,-0.036,-3.445,68852492.34,7001382.659,1.0,1.041,1.042,0.997,1.009,1.045
588000.SH,20250103,1.009,1.009,1.015,0.992,0.993,-0.016,-1.5857,47231678.85,4734937.363,1.0,1.009,1.015,0.992,0.993,1.009
588000.SH,20250106,0.993,0.995,1.001,0.981,0.989,-0.004,-0.4028,36017744.73,3566914.475,1.0,0.995,1.001,0.981,0.989,0.993
588000.SH,20250107,0.989,0.991,1.019,0.987,1.018,0.029,2.9323,48389144.97,4851575.701,1.0,0.991,1.019,0.987,1.018,0.989
588000.SH,20250108,1.018,1.01,1.029,0.988,1.017,-0.001,-0.0982,48609297.03,4911254.516,1.0,1.01,1.029,0.988,1.017,1.018
588000.SH,20250109,1.017,1.013,1.025,1.012,1.015,-0.002,-0.1967,32602934.45,3324334.253,1.0,1.013,1.025,1.012,1.015,1.017
588000.SH,20250110,1.015,1.013,1.034,1.004,1.005,-0.01,-0.9852,46573205.68,4758417.554,1.0,1.013,1.034,1.004,1.005,1.015
588000.SH,20250113,1.005,0.99,1.009,0.99,1.005,0.0,0.0,30627030.82,3058099.653,1.0,0.99,1.009,0.99,1.005,1.005
588000.SH,20250114,1.005,1.012,1.039,1.0,1.037,0.032,3.1841,54575248.4,5592450.577,1.0,1.012,1.039,1.0,1.037,1.005
588000.SH,20250115,1.037,1.031,1.044,1.025,1.032,-0.005,-0.4822,34945280.21,3614543.867,1.0,1.031,1.044,1.025,1.032,1.037
588000.SH,20250116,1.032,1.037,1.048,1.008,1.011,-0.021,-2.0349,49596724.99,5077593.224,1.0,1.037,1.048,1.008,1.011,1.032
588000.SH,20250117,1.011,1.005,1.033,1.001,1.02,0.009,0.8902,43177671.03,4391203.516,1.0,1.005,1.033,1.001,1.02,1.011
588000.SH,20250120,1.02,1.026,1.033,1.017,1.022,0.002,0.1961,31987486.97,3279051.072,1.0,1.026,1.033,1.017,1.022,1.02
588000.SH,20250121,1.022,1.027,1.034,1.019,1.031,0.009,0.8806,34054444.22,3499260.176,1.0,1.027,1.034,1.019,1.031,1.022
588000.SH,20250122,1.031,1.027,1.034,1.021,1.029,-0.002,-0.194,28088045.7,2886706.827,1.0,1.027,1.034,1.021,1.029,1.031
588000.SH,20250123,1.029,1.041,1.049,1.02,1.021,-0.008,-0.7775,43742030.37,4527766.692,1.0,1.041,1.049,1.02,1.021,1.029
588000.SH,20250124,1.021,1.018,1.034,1.018,1.029,0.008,0.7835,31369692.29,3222840.961,1.0,1.018,1.034,1.018,1.029,1.021
588000.SH,20250127,1.029,1.03,1.03,1.008,1.009,-0.02,-1.9436,33579320.31,3417560.02,1.0,1.03,1.03,1.008,1.009,1.029
588000.SH,20250205,1.009,1.039,1.044,1.028,1.037,0.028,2.775,55585880.63,5764455.016,1.0,1.039,1.044,1.028,1.037,1.009
588000.SH,20250206,1.037,1.031,1.069,1.029,1.067,0.03,2.893,52073301.54,5498350.875,1.0,1.031,1.069,1.029,1.067,1.037
588000.SH,20250207,1.067,1.067,1.093,1.059,1.076,0.009,0.8435,60668139.88,6542234.202,1.0,1.067,1.093,1.059,1.076,1.067
588000.SH,20250210,1.076,1.077,1.095,1.074,1.094,0.018,1.6729,46651541.44,5065178.291,1.0,1.077,1.095,1.074,1.094,1.076
588000.SH,20250211,1.094,1.093,1.095,1.075,1.08,-0.014,-1.2797,36157618.24,3915758.621,1.0,1.093,1.095,1.075,1.08,1.094
588000.SH,20250212,1.08,1.082,1.1,1.077,1.099,0.019,1.7593,42498385.08,4629569.476,1.0,1.082,1.1,1.077,1.099,1.08
588000.SH,20250213,1.099,1.099,1.1,1.072,1.073,-0.026,-2.3658,39473529.86,4287482.434,1.0,1.099,1.1,1.072,1.073,1.099
588000.SH,20250214,1.073,1.068,1.081,1.064,1.078,0.005,0.466,37548489.42,4031669.484,1.0,1.068,1.081,1.064,1.078,1.073
588000.SH,20250217,1.078,1.085,1.096,1.083,1.093,0.015,1.3915,42060726.82,4587350.764,1.0,1.085,1.096,1.083,1.093,1.078
588000.SH,20250218,1.093,1.092,1.093,1.062,1.066,-0.027,-2.4703,41929770.98,4526192.422,1.0,1.092,1.093,1.062,1.066,1.093
588000.SH,20250219,1.066,1.066,1.092,1.065,1.092,0.026,2.439,46508789.54,5041587.186,1.0,1.066,1.092,1.065,1.092,1.066
588000.SH,20250220,1.092,1.091,1.099,1.083,1.091,-0.001,-0.0916,30365180.38,3313570.064,1.0,1.091,1.099,1.083,1.091,1.092
588000.SH,20250221,1.091,1.099,1.159,1.096,1.157,0.066,6.0495,92072132.47,10419850.454,1.0,1.099,1.159,1.096,1.157,1.091
588000.SH,20250224,1.157,1.155,1.171,1.143,1.161,0.004,0.3457,49580417.4,5743617.211,1.0,1.155,1.171,1.143,1.161,1.157
588000.SH,20250225,1.161,1.141,1.179,1.138,1.162,0.001,0.0861,46716898.34,5412706.807,1.0,1.141,1.179,1.138,1.162,1.161
588000.SH,20250226,1.162,1.164,1.189,1.151,1.186,0.024,2.0654,50279533.77,5913489.399,1.0,1.164,1.189,1.151,1.186,1.162
588000.SH,20250227,1.186,1.185,1.2,1.16,1.185,-0.001,-0.0843,49226298.07,5800910.785,1.0,1.185,1.2,1.16,1.185,1.186
588000.SH,20250228,1.185,1.177,1.182,1.132,1.133,-0.052,-4.3882,58844937.89,6778788.408,1.0,1.177,1.182,1.132,1.133,1.185
588000.SH,20250303,1.133,1.133,1.145,1.112,1.119,-0.014,-1.2357,40648253.24,4587963.974,1.0,1.133,1.145,1.112,1.119,1.133
588000.SH,20250304,1.119,1.11,1.146,1.107,1.139,0.02,1.7873,43074876.02,4859508.288,1.0,1.11,1.146,1.107,1.139,1.119
588000.SH,20250305,1.139,1.138,1.148,1.129,1.142,0.003,0.2634,30397924.92,3461893.113,1.0,1.138,1.148,1.129,1.142,1.139
588000.SH,20250306,1.142,1.157,1.185,1.157,1.181,0.039,3.4151,54907919.77,6451615.098,1.0,1.157,1.185,1.157,1.181,1.142
588000.SH,20250307,1.181,1.174,1.18,1.161,1.167,-0.014,-1.1854,44397404.97,5201991.596,1.0,1.174,1.18,1.161,1.167,1.181
588000.SH,20250310,1.167,1.164,1.171,1.146,1.163,-0.004,-0.3428,36072034.04,4175984.615,1.0,1.164,1.171,1.146,1.163,1.167
588000.SH,20250311,1.163,1.147,1.161,1.144,1.158,-0.005,-0.4299,34232739.22,3942436.788,1.0,1.147,1.161,1.144,1.158,1.163
588000.SH,20250312,1.158,1.164,1.17,1.15,1.15,-0.008,-0.6908,33358711.89,3874127.789,1.0,1.164,1.17,1.15,1.15,1.158
588000.SH,20250313,1.15,1.147,1.153,1.12,1.126,-0.024,-2.087,39166033.94,4438351.331,1.0,1.147,1.153,1.12,1.126,1.15
588000.SH,20250314,1.126,1.126,1.146,1.124,1.146,0.02,1.7762,40925220.6,4662781.862,1.0,1.126,1.146,1.124,1.146,1.126
588000.SH,20250317,1.146,1.146,1.149,1.134,1.14,-0.006,-0.5236,22330191.72,2545568.033,1.0,1.146,1.149,1.134,1.14,1.146
588000.SH,20250318,1.14,1.145,1.161,1.144,1.146,0.006,0.5263,28392750.49,3266385.557,1.0,1.145,1.161,1.144,1.146,1.14
588000.SH,20250319,1.146,1.142,1.146,1.13,1.131,-0.015,-1.3089,28269988.0,3210347.482,1.0,1.142,1.146,1.13,1.131,1.146
588000.SH,20250320,1.131,1.13,1.132,1.118,1.119,-0.012,-1.061,30817902.9,3467609.945,1.0,1.13,1.132,1.118,1.119,1.131
588000.SH,20250321,1.119,1.115,1.12,1.088,1.095,-0.024,-2.1448,44487864.28,4897205.393,1.0,1.115,1.12,1.088,1.095,1.119
588000.SH,20250324,1.095,1.093,1.101,1.082,1.101,0.006,0.5479,34711156.13,3796165.37,1.0,1.093,1.101,1.082,1.101,1.095
588000.SH,20250325,1.101,1.098,1.102,1.079,1.083,-0.018,-1.6349,32321795.91,3516470.277,1.0,1.098,1.102,1.079,1.083,1.101
588000.SH,20250326,1.083,1.083,1.093,1.08,1.081,-0.002,-0.1847,26143549.39,2837796.409,1.0,1.083,1.093,1.08,1.081,1.083
588000.SH,20250327,1.081,1.08,1.106,1.077,1.092,0.011,1.0176,32808409.56,3581329.256,1.0,1.08,1.106,1.077,1.092,1.081
588000.SH,20250328,1.092,1.09,1.096,1.08,1.081,-0.011,-1.0073,23109434.07,2509791.68,1.0,1.09,1.096,1.08,1.081,1.092
588000.SH,20250331,1.081,1.074,1.082,1.062,1.074,-0.007,-0.6475,33051189.17,3540782.255,1.0,1.074,1.082,1.062,1.074,1.081
588000.SH,20250401,1.074,1.079,1.088,1.073,1.076,0.002,0.1862,26117807.85,2820192.096,1.0,1.079,1.088,1.073,1.076,1.074
588000.SH,20250402,1.076,1.071,1.082,1.071,1.074,-0.002,-0.1859,18674366.02,2007602.198,1.0,1.071,1.082,1.071,1.074,1.076
588000.SH,20250403,1.074,1.065,1.082,1.063,1.068,-0.006,-0.5587,27275062.64,2920734.457,1.0,1.065,1.082,1.063,1.068,1.074
588000.SH,20250407,1.068,1.016,1.031,0.92,0.97,-0.098,-9.176,82388952.54,8129286.141,1.0,1.016,1.031,0.92,0.97,1.068
588000.SH,20250408,0.97,0.978,0.998,0.97,0.986,0.016,1.6495,43931648.63,4316635.531,1.0,0.978,0.998,0.97,0.986,0.97
588000.SH,20250409,0.986,0.97,1.041,0.961,1.028,0.042,4.2596,67303464.39,6841882.771,1.0,0.97,1.041,0.961,1.028,0.986
588000.SH,20250410,1.028,1.05,1.056,1.033,1.042,0.014,1.3619,43382612.84,4524037.505,1.0,1.05,1.056,1.033,1.042,1.028
588000.SH,20250411,1.042,1.036,1.078,1.034,1.061,0.019,1.8234,47663639.44,5034878.775,1.0,1.036,1.078,1.034,1.061,1.042
588000.SH,20250414,1.061,1.071,1.076,1.055,1.064,0.003,0.2828,30493396.18,3247747.034,1.0,1.071,1.076,1.055,1.064,1.061
588000.SH,20250415,1.064,1.061,1.062,1.045,1.054,-0.01,-0.9398,24443266.56,2569705.38,1.0,1.061,1.062,1.045,1.054,1.064
588000.SH,20250416,1.054,1.063,1.065,1.045,1.061,0.007,0.6641,25988606.71,2741011.741,1.0,1.063,1.065,1.045,1.061,1.054
588000.SH,20250417,1.061,1.056,1.074,1.054,1.066,0.005,0.4713,24273894.42,2590804.612,1.0,1.056,1.074,1.054,1.066,1.061
588000.SH,20250418,1.066,1.063,1.063,1.053,1.059,-0.007,-0.6567,17690530.36,1870833.501,1.0,1.063,1.063,1.053,1.059,1.066
588000.SH,20250421,1.059,1.062,1.071,1.057,1.07,0.011,1.0387,20135152.27,2150058.879,1.0,1.062,1.071,1.057,1.07,1.059
588000.SH,20250422,1.07,1.069,1.074,1.062,1.066,-0.004,-0.3738,17775023.59,1899324.251,1.0,1.069,1.074,1.062,1.066,1.07
588000.SH,20250423,1.066,1.069,1.073,1.06,1.063,-0.003,-0.2814,19996564.57,2128660.966,1.0,1.069,1.073,1.06,1.063,1.066
588000.SH,20250424,1.063,1.063,1.064,1.05,1.052,-0.011,-1.0348,17065453.41,1800664.541,1.0,1.063,1.064,1.05,1.052,1.063
588000.SH,20250425,1.052,1.052,1.061,1.047,1.054,0.002,0.1901,19222803.92,2025265.87,1.0,1.052,1.061,1.047,1.054,1.052
588000.SH,20250428,1.054,1.054,1.058,1.047,1.051,-0.003,-0.2846,13293578.52,1399442.565,1.0,1.054,1.058,1.047,1.051,1.054
588000.SH,20250429,1.051,1.048,1.055,1.044,1.053,0.002,0.1903,14174698.54,1488129.986,1.0,1.048,1.055,1.044,1.053,1.051
588000.SH,20250430,1.053,1.052,1.064,1.05,1.062,0.009,0.8547,17017110.98,1805225.404,1.0,1.052,1.064,1.05,1.062,1.053
588000.SH,20250506,1.062,1.067,1.078,1.064,1.078,0.016,1.5066,22270583.4,2389528.257,1.0,1.067,1.078,1.064,1.078,1.062
588000.SH,20250507,1.078,1.095,1.098,1.072,1.081,0.003,0.2783,29219934.0,3167359.484,1.0,1.095,1.098,1.072,1.081,1.078
588000.SH,20250508,1.081,1.077,1.081,1.073,1.077,-0.004,-0.37,18795565.45,2023698.366,1.0,1.077,1.081,1.073,1.077,1.081
588000.SH,20250509,1.077,1.073,1.074,1.056,1.056,-0.021,-1.9499,26578549.95,2822237.072,1.0,1.073,1.074,1.056,1.056,1.077
588000.SH,20250512,1.056,1.061,1.067,1.054,1.063,0.007,0.6629,25726186.76,2725770.487,1.0,1.061,1.067,1.054,1.063,1.056
588000.SH,20250513,1.063,1.07,1.072,1.059,1.06,-0.003,-0.2822,21961993.05,2338988.978,1.0,1.07,1.072,1.059,1.06,1.063
588000.SH,20250514,1.06,1.062,1.072,1.056,1.065,0.005,0.4717,26252491.91,2790830.57,1.0,1.062,1.072,1.056,1.065,1.06
588000.SH,20250515,1.065,1.062,1.063,1.049,1.05,-0.015,-1.4085,23118984.84,2435966.235,1.0,1.062,1.063,1.049,1.05,1.065
588000.SH,20250516,1.05,1.048,1.05,1.041,1.044,-0.006,-0.5714,18728821.38,1956884.201,1.0,1.048,1.05,1.041,1.044,1.05
588000.SH,20250519,1.044,1.044,1.049,1.035,1.045,0.001,0.0958,22620263.78,2358074.666,1.0,1.044,1.049,1.035,1.045,1.044
588000.SH,20250520,1.045,1.045,1.052,1.043,1.048,0.003,0.2871,15043955.13,1577016.664,1.0,1.045,1.052,1.043,1.048,1.045
588000.SH,20250521,1.048,1.047,1.05,1.043,1.045,-0.003,-0.2863,14864012.49,1554519.884,1.0,1.047,1.05,1.043,1.045,1.048
588000.SH,20250522,1.045,1.044,1.05,1.038,1.039,-0.006,-0.5742,17178267.32,1791766.381,1.0,1.044,1.05,1.038,1.039,1.045
588000.SH,20250523,1.039,1.038,1.046,1.029,1.03,-0.009,-0.8662,22625365.84,2345513.004,1.0,1.038,1.046,1.029,1.03,1.039
588000.SH,20250526,1.03,1.035,1.038,1.03,1.035,0.005,0.4854,16365683.3,1691995.362,1.0,1.035,1.038,1.03,1.035,1.03
588000.SH,20250527,1.035,1.034,1.035,1.025,1.028,-0.007,-0.6763,17098808.05,1759804.347,1.0,1.034,1.035,1.025,1.028,1.035
588000.SH,20250528,1.028,1.027,1.029,1.022,1.023,-0.005,-0.4864,12199523.52,1251239.015,1.0,1.027,1.029,1.022,1.023,1.028
588000.SH,20250529,1.023,1.024,1.041,1.024,1.04,0.017,1.6618,23429136.75,2425619.968,1.0,1.024,1.041,1.024,1.04,1.023
588000.SH,20250530,1.04,1.037,1.037,1.028,1.03,-0.01,-0.9615,17170283.03,1770038.077,1.0,1.037,1.037,1.028,1.03,1.04
588000.SH,20250603,1.03,1.028,1.04,1.028,1.034,0.004,0.3883,15149008.13,1569088.152,1.0,1.028,1.04,1.028,1.034,1.03
588000.SH,20250604,1.034,1.034,1.041,1.034,1.04,0.006,0.5803,12695176.64,1318887.593,1.0,1.034,1.041,1.034,1.04,1.034
588000.SH,20250605,1.04,1.041,1.053,1.036,1.051,0.011,1.0577,20189401.33,2110670.668,1.0,1.041,1.053,1.036,1.051,1.04
588000.SH,20250606,1.051,1.051,1.051,1.043,1.047,-0.004,-0.3806,15016650.94,1570982.239,1.0,1.051,1.051,1.043,1.047,1.051
588000.SH,20250609,1.047,1.048,1.057,1.045,1.053,0.006,0.5731,16422731.62,1727609.752,1.0,1.048,1.057,1.045,1.053,1.047
588000.SH,20250610,1.053,1.054,1.054,1.027,1.032,-0.021,-1.9943,28680789.8,2976932.706,1.0,1.054,1.054,1.027,1.032,1.053
588000.SH,20250611,1.032,1.033,1.04,1.03,1.031,-0.001,-0.0969,20117559.04,2081287.458,1.0,1.033,1.04,1.03,1.031,1.032
588000.SH,20250612,1.031,1.029,1.032,1.024,1.027,-0.004,-0.388,15484942.94,1591001.998,1.0,1.029,1.032,1.024,1.027,1.031
588000.SH,20250613,1.027,1.023,1.028,1.016,1.022,-0.005,-0.4869,22647381.15,2312902.75,1.0,1.023,1.028,1.016,1.022,1.027
588000.SH,20250616,1.022,1.02,1.025,1.018,1.021,-0.001,-0.0978,14152656.18,1445017.297,1.0,1.02,1.025,1.018,1.021,1.022
588000.SH,20250617,1.021,1.022,1.023,1.01,1.012,-0.009,-0.8815,25501021.5,2586135.29,1.0,1.022,1.023,1.01,1.012,1.021
588000.SH,20250618,1.012,1.011,1.021,1.009,1.018,0.006,0.5929,21412859.12,2174680.603,1.0,1.011,1.021,1.009,1.018,1.012
588000.SH,20250619,1.018,1.016,1.024,1.009,1.012,-0.006,-0.5894,22544764.33,2290540.083,1.0,1.016,1.024,1.009,1.012,1.018
588000.SH,20250620,1.012,1.012,1.017,1.005,1.006,-0.006,-0.5929,18079879.26,1825418.603,1.0,1.012,1.017,1.005,1.006,1.012
588000.SH,20250623,1.006,1.002,1.015,1.001,1.012,0.006,0.5964,22429914.57,2266629.837,1.0,1.002,1.015,1.001,1.012,1.006
588000.SH,20250624,1.012,1.014,1.032,1.013,1.029,0.017,1.6798,33088806.56,3392635.848,1.0,1.014,1.032,1.013,1.029,1.012
588000.SH,20250625,1.029,1.032,1.049,1.027,1.048,0.019,1.8465,42279075.94,4385173.221,1.0,1.032,1.049,1.027,1.048,1.029
588000.SH,20250626,1.048,1.047,1.058,1.041,1.041,-0.007,-0.6679,31416638.94,3295118.967,1.0,1.047,1.058,1.041,1.041,1.048
588000.SH,20250627,1.041,1.045,1.05,1.039,1.041,0.0,0.0,25750276.62,2688776.609,1.0,1.045,1.05,1.039,1.041,1.041
588000.SH,20250630,1.041,1.043,1.056,1.043,1.056,0.015,1.4409,27628051.18,2905603.144,1.0,1.043,1.056,1.043,1.056,1.041
588000.SH,20250701,1.056,1.055,1.055,1.044,1.048,-0.008,-0.7576,21680844.38,2272031.502,1.0,1.055,1.055,1.044,1.048,1.056
588000.SH,20250702,1.048,1.046,1.046,1.032,1.035,-0.013,-1.2405,25807343.33,2676207.11,1.0,1.046,1.046,1.032,1.035,1.048
588000.SH,20250703,1.035,1.036,1.039,1.032,1.036,0.001,0.0966,17426983.26,1804318.863,1.0,1.036,1.039,1.032,1.036,1.035
588000.SH,20250704,1.036,1.037,1.049,1.027,1.035,-0.001,-0.0965,32364632.4,3357773.904,1.0,1.037,1.049,1.027,1.035,1.036
588000.SH,20250707,1.035,1.033,1.038,1.028,1.029,-0.006,-0.5797,16884265.24,1741414.5,1.0,1.033,1.038,1.028,1.029,1.035
588000.SH,20250708,1.029,1.031,1.045,1.028,1.044,0.015,1.4577,27769405.32,2886918.857,1.0,1.031,1.045,1.028,1.044,1.029
588000.SH,20250709,1.044,1.044,1.046,1.033,1.036,-0.008,-0.7663,23597390.11,2451280.19,1.0,1.044,1.046,1.033,1.036,1.044
588000.SH,20250710,1.036,1.034,1.038,1.03,1.033,-0.003,-0.2896,26758484.82,2765469.4,1.0,1.034,1.038,1.03,1.033,1.036
588000.SH,20250711,1.033,1.033,1.052,1.031,1.047,0.014,1.3553,44541026.66,4652065.692,1.0,1.033,1.052,1.031,1.047,1.033
588000.SH,20250714,1.047,1.048,1.052,1.044,1.046,-0.001,-0.0955,26679625.35,2793881.49,1.0,1.048,1.052,1.044,1.046,1.047
588000.SH,20250715,1.046,1.044,1.05,1.037,1.048,0.002,0.1912,35427897.61,3698514.968,1.0,1.044,1.05,1.037,1.048,1.046
588000.SH,20250716,1.048,1.05,1.06,1.045,1.049,0.001,0.0954,36149037.48,3803727.511,1.0,1.05,1.06,1.045,1.049,1.048
588000.SH,20250717,1.049,1.048,1.057,1.044,1.057,0.008,0.7626,34877626.46,3665541.164,1.0,1.048,1.057,1.044,1.057,1.049
588000.SH,20250718,1.057,1.06,1.065,1.054,1.06,0.003,0.2838,28819643.01,3052291.013,1.0,1.06,1.065,1.054,1.06,1.057
588000.SH,20250721,1.06,1.059,1.063,1.057,1.061,0.001,0.0943,24735502.9,2622059.042,1.0,1.059,1.063,1.057,1.061,1.06
588000.SH,20250722,1.061,1.061,1.072,1.059,1.069,0.008,0.754,38295180.31,4086335.301,1.0,1.061,1.072,1.059,1.069,1.061
588000.SH,20250723,1.069,1.07,1.084,1.067,1.074,0.005,0.4677,45820497.07,4927885.725,1.0,1.07,1.084,1.067,1.074,1.069
588000.SH,20250724,1.074,1.072,1.087,1.072,1.086,0.012,1.1173,35624103.24,3850319.671,1.0,1.072,1.087,1.072,1.086,1.074
588000.SH,20250725,1.086,1.086,1.115,1.082,1.109,0.023,2.1179,48414856.87,5300532.836,1.0,1.086,1.115,1.082,1.109,1.086
588000.SH,20250728,1.109,1.111,1.114,1.103,1.11,0.001,0.0902,38243529.09,4239799.11,1.0,1.111,1.114,1.103,1.11,1.109
588000.SH,20250729,1.11,1.106,1.127,1.105,1.125,0.015,1.3514,37516172.05,4195935.622,1.0,1.106,1.127,1.105,1.125,1.11
588000.SH,20250730,1.125,1.122,1.129,1.105,1.112,-0.013,-1.1556,40202555.27,4495171.932,1.0,1.122,1.129,1.105,1.112,1.125
588000.SH,20250731,1.112,1.109,1.126,1.099,1.101,-0.011,-0.9892,52843063.18,5872646.522,1.0,1.109,1.126,1.099,1.101,1.112
588000.SH,20250801,1.101,1.101,1.111,1.082,1.091,-0.01,-0.9083,37157168.86,4070365.388,1.0,1.101,1.111,1.082,1.091,1.101
588000.SH,20250804,1.091,1.087,1.105,1.086,1.104,0.013,1.1916,26680655.61,2927762.903,1.0,1.087,1.105,1.086,1.104,1.091
588000.SH,20250805,1.104,1.103,1.109,1.101,1.109,0.005,0.4529,21568327.88,2384593.124,1.0,1.103,1.109,1.101,1.109,1.104
588000.SH,20250806,1.109,1.108,1.115,1.104,1.113,0.004,0.3607,24627759.99,2732600.339,1.0,1.108,1.115,1.104,1.113,1.109
588000.SH,20250807,1.113,1.113,1.123,1.107,1.112,-0.001,-0.0898,34441616.96,3839701.462,1.0,1.113,1.123,1.107,1.112,1.113
588000.SH,20250808,1.112,1.109,1.109,1.095,1.096,-0.016,-1.4388,28664332.0,3154152.099,1.0,1.109,1.109,1.095,1.096,1.112
588000.SH,20250811,1.096,1.096,1.107,1.096,1.103,0.007,0.6387,25021653.51,2759366.008,1.0,1.096,1.107,1.096,1.103,1.096
588000.SH,20250812,1.103,1.103,1.133,1.098,1.124,0.021,1.9039,49469850.66,5529819.987,1.0,1.103,1.133,1.098,1.124,1.103
588000.SH,20250813,1.124,1.124,1.134,1.122,1.133,0.009,0.8007,38038150.58,4296348.237,1.0,1.124,1.134,1.122,1.133,1.124
588000.SH,20250814,1.133,1.134,1.166,1.134,1.142,0.009,0.7944,67678114.07,7789850.655,1.0,1.134,1.166,1.134,1.142,1.133
588000.SH,20250815,1.142,1.135,1.161,1.132,1.158,0.016,1.4011,37053236.99,4257819.529,1.0,1.135,1.161,1.132,1.158,1.142
588000.SH,20250818,1.158,1.171,1.196,1.161,1.183,0.025,2.1589,58430846.73,6905270.708,1.0,1.171,1.196,1.161,1.183,1.158
588000.SH,20250819,1.183,1.181,1.191,1.168,1.17,-0.013,-1.0989,37375872.97,4409995.16,1.0,1.181,1.191,1.168,1.17,1.183
588000.SH,20250820,1.17,1.166,1.208,1.162,1.208,0.038,3.2479,52556834.5,6228187.048,1.0,1.166,1.208,1.162,1.208,1.17
588000.SH,20250821,1.208,1.209,1.233,1.201,1.208,0.0,0.0,45208348.99,5500568.699,1.0,1.209,1.233,1.201,1.208,1.208
588000.SH,20250822,1.208,1.218,1.325,1.218,1.323,0.115,9.5199,94161927.18,11986409.62,1.0,1.218,1.325,1.218,1.323,1.208
588000.SH,20250825,1.323,1.343,1.388,1.316,1.356,0.033,2.4943,91720141.49,12361800.689,1.0,1.343,1.388,1.316,1.356,1.323
588000.SH,20250826,1.356,1.34,1.35,1.321,1.336,-0.02,-1.4749,45799562.85,6125624.517,1.0,1.34,1.35,1.321,1.336,1.356
588000.SH,20250827,1.336,1.35,1.4,1.336,1.337,0.001,0.0749,80829187.1,11043003.515,1.0,1.35,1.4,1.336,1.337,1.336
588000.SH,20250828,1.337,1.34,1.435,1.34,1.433,0.096,7.1803,91893224.31,12714444.608,1.0,1.34,1.435,1.34,1.433,1.337
588000.SH,20250829,1.433,1.4,1.417,1.383,1.412,-0.021,-1.4655,53582401.91,7494285.017,1.0,1.4,1.417,1.383,1.412,1.433
588000.SH,20250901,1.412,1.419,1.438,1.391,1.431,0.019,1.3456,44307395.54,6286397.756,1.0,1.419,1.438,1.391,1.431,1.412
588000.SH,20250902,1.431,1.426,1.435,1.378,1.394,-0.037,-2.5856,49754168.81,6989035.209,1.0,1.426,1.435,1.378,1.394,1.431
588000.SH,20250903,1.394,1.388,1.392,1.355,1.365,-0.029,-2.0803,41246143.34,5666634.787,1.0,1.388,1.392,1.355,1.365,1.394
588000.SH,20250904,1.365,1.362,1.367,1.26,1.282,-0.083,-6.0806,60780711.51,7927747.455,1.0,1.362,1.367,1.26,1.282,1.365
588000.SH,20250905,1.282,1.282,1.335,1.27,1.326,0.044,3.4321,49377453.61,6437372.748,1.0,1.282,1.335,1.27,1.326,1.282
588000.SH,20250908,1.326,1.327,1.335,1.303,1.328,0.002,0.1508,37091185.78,4905327.57,1.0,1.327,1.335,1.303,1.328,1.326
588000.SH,20250909,1.328,1.315,1.335,1.301,1.307,-0.021,-1.5813,32481130.86,4272028.607,1.0,1.315,1.335,1.301,1.307,1.328
588000.SH,20250910,1.307,1.314,1.334,1.307,1.321,0.014,1.0712,33491545.0,4430919.359,1.0,1.314,1.334,1.307,1.321,1.307
588000.SH,20250911,1.321,1.314,1.4,1.304,1.393,0.072,5.4504,54144823.04,7390140.001,1.0,1.314,1.4,1.304,1.393,1.321
588000.SH,20250912,1.393,1.393,1.43,1.388,1.406,0.013,0.9332,44578314.89,6290846.098,1.0,1.393,1.43,1.388,1.406,1.393
588000.SH,20250915,1.406,1.431,1.435,1.398,1.409,0.003,0.2134,37179479.64,5258126.77,1.0,1.431,1.435,1.398,1.409,1.406
588000.SH,20250916,1.409,1.413,1.439,1.413,1.426,0.017,1.2065,38816004.51,5542682.255,1.0,1.413,1.439,1.413,1.426,1.409
588000.SH,20250917,1.426,1.421,1.449,1.405,1.44,0.014,0.9818,38037635.23,5451960.598,1.0,1.421,1.449,1.405,1.44,1.426
588000.SH,20250918,1.44,1.456,1.506,1.413,1.45,0.01,0.6944,61709600.59,9048077.456,1.0,1.456,1.506,1.413,1.45,1.44
588000.SH,20250919,1.45,1.456,1.471,1.426,1.431,-0.019,-1.3103,43922276.52,6359671.437,1.0,1.456,1.471,1.426,1.431,1.45
588000.SH,20250922,1.431,1.426,1.494,1.42,1.479,0.048,3.3543,42499073.77,6201628.557,1.0,1.426,1.494,1.42,1.479,1.431
588000.SH,20250923,1.479,1.478,1.49,1.432,1.475,-0.004,-0.2705,45043340.98,6567997.272,1.0,1.478,1.49,1.432,1.475,1.479
588000.SH,20250924,1.475,1.464,1.553,1.462,1.53,0.055,3.7288,49015222.16,7413184.366,1.0,1.464,1.553,1.462,1.53,1.475
588000.SH,20250925,1.53,1.524,1.56,1.521,1.548,0.018,1.1765,32909937.07,5086024.942,1.0,1.524,1.56,1.521,1.548,1.53
588000.SH,20250926,1.548,1.538,1.559,1.521,1.524,-0.024,-1.5504,28873902.53,4446468.253,1.0,1.538,1.559,1.521,1.524,1.548
588000.SH,20250929,1.524,1.516,1.544,1.495,1.543,0.019,1.2467,35142978.19,5345277.132,1.0,1.516,1.544,1.495,1.543,1.524
588000.SH,20250930,1.543,1.561,1.58,1.552,1.57,0.027,1.7498,33039385.54,5187228.703,1.0,1.561,1.58,1.552,1.57,1.543
588000.SH,20251009,1.57,1.607,1.667,1.596,1.618,0.048,3.0573,43775259.11,7141315.117,1.0,1.607,1.667,1.596,1.618,1.57
588000.SH,20251010,1.618,1.585,1.592,1.516,1.528,-0.09,-5.5624,56901910.22,8808071.627,1.0,1.585,1.592,1.516,1.528,1.618
588000.SH,20251013,1.528,1.47,1.55,1.47,1.546,0.018,1.178,47710599.16,7305670.037,1.0,1.47,1.55,1.47,1.546,1.528
588000.SH,20251014,1.546,1.56,1.563,1.47,1.481,-0.065,-4.2044,49899987.57,7544364.868,1.0,1.56,1.563,1.47,1.481,1.546
588000.SH,20251015,1.481,1.479,1.502,1.46,1.501,0.02,1.3504,36973207.45,5478957.593,1.0,1.479,1.502,1.46,1.501,1.481
588000.SH,20251016,1.501,1.487,1.516,1.479,1.487,-0.014,-0.9327,32537159.21,4867655.982,1.0,1.487,1.516,1.479,1.487,1.501
588000.SH,20251017,1.487,1.478,1.487,1.428,1.433,-0.054,-3.6315,41576260.0,6025472.153,1.0,1.478,1.487,1.428,1.433,1.487
588000.SH,20251020,1.433,1.456,1.468,1.425,1.437,0.004,0.2791,34407300.77,4977710.329,1.0,1.456,1.468,1.425,1.437,1.433
588000.SH,20251021,1.437,1.443,1.48,1.436,1.477,0.04,2.7836,39915336.56,5842705.467,1.0,1.443,1.48,1.436,1.477,1.437
588000.SH,20251022,1.477,1.466,1.496,1.449,1.476,-0.001,-0.0677,29785469.49,4383191.269,1.0,1.466,1.496,1.449,1.476,1.477
588000.SH,20251023,1.476,1.465,1.475,1.445,1.473,-0.003,-0.2033,23038137.63,3357554.417,1.0,1.465,1.475,1.445,1.473,1.476
588000.SH,20251024,1.473,1.492,1.54,1.486,1.535,0.062,4.2091,36445171.45,5522170.176,1.0,1.492,1.54,1.486,1.535,1.473
588000.SH,20251027,1.535,1.562,1.567,1.53,1.558,0.023,1.4984,40944372.21,6350609.478,1.0,1.562,1.567,1.53,1.558,1.535
588000.SH,20251028,1.558,1.545,1.57,1.537,1.545,-0.013,-0.8344,27791905.3,4316089.945,1.0,1.545,1.57,1.537,1.545,1.558
588000.SH,20251029,1.545,1.541,1.569,1.538,1.565,0.02,1.2945,30936872.09,4806606.04,1.0,1.541,1.569,1.538,1.565,1.545
588000.SH,20251030,1.565,1.561,1.568,1.533,1.535,-0.03,-1.9169,33635181.36,5212506.865,1.0,1.561,1.568,1.533,1.535,1.565
588000.SH,20251031,1.535,1.525,1.53,1.487,1.488,-0.047,-3.0619,37988933.84,5698843.369,1.0,1.525,1.53,1.487,1.488,1.535
588000.SH,20251103,1.488,1.474,1.478,1.441,1.47,-0.018,-1.2097,30738365.96,4486923.589,1.0,1.474,1.478,1.441,1.47,1.488
588000.SH,20251104,1.47,1.475,1.487,1.446,1.455,-0.015,-1.0204,29209639.59,4285797.772,1.0,1.475,1.487,1.446,1.455,1.47
588000.SH,20251105,1.455,1.43,1.468,1.425,1.46,0.005,0.3436,27846241.31,4024168.178,1.0,1.43,1.468,1.425,1.46,1.455
588000.SH,20251106,1.46,1.476,1.514,1.472,1.509,0.049,3.3562,32599116.62,4873307.251,1.0,1.476,1.514,1.472,1.509,1.46
588000.SH,20251107,1.509,1.494,1.506,1.484,1.487,-0.022,-1.4579,20727006.95,3096498.032,1.0,1.494,1.506,1.484,1.487,1.509
588000.SH,20251110,1.487,1.491,1.504,1.459,1.478,-0.009,-0.6052,22918062.2,3377807.577,1.0,1.491,1.504,1.459,1.478,1.487
588000.SH,20251111,1.478,1.488,1.495,1.453,1.457,-0.021,-1.4208,20834143.28,3059095.392,1.0,1.488,1.495,1.453,1.457,1.478
588000.SH,20251112,1.457,1.446,1.458,1.431,1.449,-0.008,-0.5491,27788389.12,4011347.039,1.0,1.446,1.458,1.431,1.449,1.457
588000.SH,20251113,1.449,1.446,1.475,1.442,1.469,0.02,1.3803,23389876.95,3416314.067,1.0,1.446,1.475,1.442,1.469,1.449
588000.SH,20251114,1.469,1.451,1.46,1.43,1.431,-0.038,-2.5868,23604961.65,3408869.927,1.0,1.451,1.46,1.43,1.431,1.469
588000.SH,20251117,1.431,1.43,1.446,1.412,1.422,-0.009,-0.6289,23364415.24,3330961.49,1.0,1.43,1.446,1.412,1.422,1.431
588000.SH,20251118,1.422,1.417,1.443,1.415,1.427,0.005,0.3516,22191538.51,3172128.833,1.0,1.417,1.443,1.415,1.427,1.422
588000.SH,20251119,1.427,1.422,1.432,1.405,1.413,-0.014,-0.9811,18858371.53,2673481.827,1.0,1.422,1.432,1.405,1.413,1.427
588000.SH,20251120,1.413,1.428,1.432,1.393,1.396,-0.017,-1.2031,23587624.53,3317229.786,1.0,1.428,1.432,1.393,1.396,1.413
588000.SH,20251121,1.396,1.371,1.378,1.347,1.351,-0.045,-3.2235,43616303.01,5943377.66,1.0,1.371,1.378,1.347,1.351,1.396
588000.SH,20251124,1.351,1.357,1.372,1.337,1.36,0.009,0.6662,27925268.17,3781489.671,1.0,1.357,1.372,1.337,1.36,1.351
588000.SH,20251125,1.36,1.374,1.39,1.363,1.369,0.009,0.6618,29745119.82,4088957.172,1.0,1.374,1.39,1.363,1.369,1.36
588000.SH,20251126,1.369,1.362,1.394,1.358,1.382,0.013,0.9496,29404973.46,4063817.324,1.0,1.362,1.394,1.358,1.382,1.369
588000.SH,20251127,1.382,1.392,1.419,1.374,1.379,-0.003,-0.2171,27397137.68,3833058.631,1.0,1.392,1.419,1.374,1.379,1.382
588000.SH,20251128,1.379,1.374,1.396,1.368,1.393,0.014,1.0152,20923996.6,2898802.447,1.0,1.374,1.396,1.368,1.393,1.379
588000.SH,20251201,1.393,1.395,1.409,1.376,1.404,0.011,0.7897,21620183.05,3010747.361,1.0,1.395,1.409,1.376,1.404,1.393
588000.SH,20251202,1.404,1.401,1.403,1.381,1.387,-0.017,-1.2108,20474498.01,2844686.57,1.0,1.401,1.403,1.381,1.387,1.404
588000.SH,20251203,1.387,1.385,1.391,1.369,1.375,-0.012,-0.8652,18244641.88,2517188.798,1.0,1.385,1.391,1.369,1.375,1.387
588000.SH,20251204,1.375,1.37,1.395,1.36,1.394,0.019,1.3818,22208468.57,3066497.9,1.0,1.37,1.395,1.36,1.394,1.375
588000.SH,20251205,1.394,1.39,1.398,1.37,1.394,0.0,0.0,25923618.12,3595788.632,1.0,1.39,1.398,1.37,1.394,1.394
588000.SH,20251208,1.394,1.397,1.43,1.394,1.42,0.026,1.8651,34585195.44,4890831.628,1.0,1.397,1.43,1.394,1.42,1.394
588000.SH,20251209,1.42,1.41,1.428,1.406,1.414,-0.006,-0.4225,24780065.91,3507996.536,1.0,1.41,1.428,1.406,1.414,1.42
588000.SH,20251210,1.414,1.404,1.42,1.385,1.415,0.001,0.0707,26009625.54,3643142.319,1.0,1.404,1.42,1.385,1.415,1.414
588000.SH,20251211,1.415,1.417,1.42,1.392,1.392,-0.023,-1.6254,20671220.85,2903209.643,1.0,1.417,1.42,1.392,1.392,1.415
588000.SH,20251212,1.392,1.393,1.42,1.381,1.418,0.026,1.8678,28064294.63,3940369.213,1.0,1.393,1.42,1.381,1.418,1.392
588000.SH,20251215,1.418,1.405,1.414,1.387,1.389,-0.029,-2.0451,21632669.12,3027695.251,1.0,1.405,1.414,1.387,1.389,1.418
588000.SH,20251216,1.389,1.382,1.386,1.353,1.361,-0.028,-2.0158,29156084.09,3987566.188,1.0,1.382,1.386,1.353,1.361,1.389
588000.SH,20251217,1.361,1.361,1.397,1.356,1.396,0.035,2.5716,28637707.2,3948199.141,1.0,1.361,1.397,1.356,1.396,1.361
588000.SH,20251218,1.396,1.384,1.394,1.375,1.376,-0.02,-1.4327,18351196.96,2538867.376,1.0,1.384,1.394,1.375,1.376,1.396
588000.SH,20251219,1.376,1.382,1.394,1.377,1.38,0.004,0.2907,18152553.66,2511958.098,1.0,1.382,1.394,1.377,1.38,1.376
588000.SH,20251222,1.38,1.385,1.41,1.384,1.405,0.025,1.8116,26521071.9,3714805.834,1.0,1.385,1.41,1.384,1.405,1.38
588000.SH,20251223,1.405,1.405,1.419,1.401,1.41,0.005,0.3559,21139979.4,2985639.356,1.0,1.405,1.419,1.401,1.41,1.405
588000.SH,20251224,1.41,1.412,1.424,1.403,1.423,0.013,0.922,20679893.34,2926560.133,1.0,1.412,1.424,1.403,1.423,1.41
588000.SH,20251225,1.423,1.422,1.429,1.411,1.422,-0.001,-0.0703,18034800.36,2561518.984,1.0,1.422,1.429,1.411,1.422,1.423
588000.SH,20251226,1.422,1.423,1.429,1.411,1.419,-0.003,-0.211,20774294.68,2951303.795,1.0,1.423,1.429,1.411,1.419,1.422
588000.SH,20251229,1.419,1.419,1.436,1.412,1.417,-0.002,-0.1409,25775162.34,3674565.643,1.0,1.419,1.436,1.412,1.417,1.419
588000.SH,20251230,1.417,1.414,1.439,1.414,1.433,0.016,1.1291,24321604.03,3480884.076,1.0,1.414,1.439,1.414,1.433,1.417
588000.SH,20251231,1.433,1.438,1.441,1.415,1.417,-0.016,-1.1165,21973104.94,3129346.537,1.0,1.438,1.441,1.415,1.417,1.433
588000.SH,20260105,1.417,1.433,1.479,1.428,1.479,0.062,4.3754,41593732.69,6082622.572,1.0,1.433,1.479,1.428,1.479,1.417
588000.SH,20260106,1.479,1.481,1.52,1.476,1.505,0.026,1.7579,38803417.91,5821559.14,1.0,1.481,1.52,1.476,1.505,1.479
588000.SH,20260107,1.505,1.517,1.529,1.503,1.52,0.015,0.9967,34568205.44,5238497.815,1.0,1.517,1.529,1.503,1.52,1.505
588000.SH,20260108,1.52,1.514,1.562,1.514,1.531,0.011,0.7237,35820333.26,5518490.197,1.0,1.514,1.562,1.514,1.531,1.52
588000.SH,20260109,1.531,1.52,1.555,1.514,1.554,0.023,1.5023,34737566.1,5346744.937,1.0,1.52,1.555,1.514,1.554,1.531
588000.SH,20260112,1.554,1.566,1.596,1.556,1.594,0.04,2.574,35761745.48,5649496.769,1.0,1.566,1.596,1.556,1.594,1.554
588000.SH,20260113,1.594,1.594,1.594,1.536,1.549,-0.045,-2.8231,44369110.64,6940475.744,1.0,1.594,1.594,1.536,1.549,1.594
588000.SH,20260114,1.549,1.552,1.613,1.552,1.579,0.03,1.9367,50893093.02,8066746.841,1.0,1.552,1.613,1.552,1.579,1.549
588000.SH,20260115,1.579,1.571,1.584,1.545,1.573,-0.006,-0.38,34921946.61,5459161.638,1.0,1.571,1.584,1.545,1.573,1.579
588000.SH,20260116,1.573,1.587,1.609,1.574,1.593,0.02,1.2715,36915235.21,5866924.842,1.0,1.587,1.609,1.574,1.593,1.573
588000.SH,20260119,1.593,1.59,1.606,1.582,1.586,-0.007,-0.4394,28306064.89,4504340.92,1.0,1.59,1.606,1.582,1.586,1.593
588000.SH,20260120,1.586,1.585,1.605,1.55,1.56,-0.026,-1.6393,38373761.09,6029017.434,1.0,1.585,1.605,1.55,1.56,1.586
588000.SH,20260121,1.56,1.556,1.627,1.556,1.616,0.056,3.5897,42455551.84,6828229.478,1.0,1.556,1.627,1.556,1.616,1.56
588000.SH,20260122,1.616,1.643,1.658,1.61,1.622,0.006,0.3713,27411756.13,4457108.756,1.0,1.643,1.658,1.61,1.622,1.616
588000.SH,20260123,1.622,1.61,1.635,1.604,1.635,0.013,0.8015,26559722.98,4304130.319,1.0,1.61,1.635,1.604,1.635,1.622
588000.SH,20260126,1.635,1.635,1.658,1.609,1.615,-0.02,-1.2232,26545156.08,4314890.536,1.0,1.635,1.658,1.609,1.615,1.635
588000.SH,20260127,1.615,1.606,1.645,1.586,1.64,0.025,1.548,29188920.61,4723057.831,1.0,1.606,1.645,1.586,1.64,1.615
588000.SH,20260128,1.64,1.645,1.651,1.616,1.635,-0.005,-0.3049,31487052.48,5139277.872,1.0,1.645,1.651,1.616,1.635,1.64
